{
  "colors":{
    "fpsColor":"#56c456",
    "pingColor":"#ad90de",
    "pingLagColor":"#e34234"
  },
  "debugGraphics":{
    "enabled":true,
    "fpsBar":{
      "alpha":1.0,
      "bgAlpha":0.5,
      "color":"#56c456",
      "enabled":true,
      "glowFilter":{
        "alpha":1.0,
        "blurX":4,
        "blurY":4,
        "color":"#56c456",
        "inner":false,
        "knockout":false,
        "strength":2
      },
      "height":2,
      "width":147,
      "x":7,
      "y":4
    },
    "pingBar":{
      "alpha":1.0,
      "bgAlpha":0.5,
      "color":"#ad90de",
      "enabled":true,
      "glowFilter":{
        "alpha":1.0,
        "blurX":4,
        "blurY":4,
        "color":"#ad90de",
        "inner":false,
        "knockout":false,
        "strength":2
      },
      "height":2,
      "width":147,
      "x":7,
      "y":27
    }
  },
  "debugText":{
    "scale":1.0,
    "text":"<textformat tabstops='[70,135]'><font color='#56c456' size='16'>  FPS  <font color='#FFFFFF'><b>%(FPS)s</b></font><tab><font color='%(PingLagColor)s'>PING  <font color='#FFFFFF'><b>%(PING)s</b></font></font><tab><img src='img://../mods/configs/mod_battle_observer/NooBooL/images/%(PingLagColor)s.png' width='20' height='20' vspace='-3'></textformat>",
    "x":-2,
    "y":4
  },
  "enabled":true
}