{
  "avgColor":{
    "brightness":1.0,
    "saturation":0.5
  },
  "enabled":true,
  "extendedLog":[
    "<textformat leading='-7' tabstops='[16, 55, 105, 205]'><font size='14' color='#CCCCCC'>",
    "<b><font size='10'>x%(shots)s</font><tab>",
    "%(shellType)s<tab>",
    "<img src='img://../mods/configs/mod_battle_observer/NooBooL/images/%(shellColor)s.png' width='12' height='12' vspace='-2'>",
    "<font color='%(shellColor)s'>-%(totalDamage)s</font><tab>",
    "<font size='13'>%(classIcon)s  %(tankName)s</font></b><tab>",
    "<img src='img://gui/maps/icons/vehicle/small/%(iconName)s.png' width='74' height='16' vspace='-8'>",
    "</font></textformat>"
  ],
  "extendedLogALTMODE":[
    "<textformat leading='-7' tabstops='[16, 60, 100, 200]'><font size='14' color='#CCCCCC'>",
    "<b><font size='10'>x%(shots)s</font><tab>",
    "%(shellType)s<tab>",
    "<tab>",
    "<font size='13' color='%(tankClassColor)s'>%(classIcon)s%(userName)s</font></b><tab>",
    "<img src='img://gui/maps/icons/vehicle/small/%(iconName)s.png' width='74' height='16' vspace='-8'>",
    "</font></textformat>"
  ],
  "killedIcon":"<img src='img://../mods/configs/mod_battle_observer/NooBooL/images/skull.png' width='16' height='15' vspace='-8'>",
  "reverse":false,
  "settings":{
    "align":"left",
    "x":5,
    "y":-5
  },
  "shellColor":{
    "gold":"#FFD700",
    "normal":"#CCCCCC"
  },
  "shellTypes":{
    "ARMOR_PIERCING":"<img src='img://gui/maps/icons/shell/ARMOR_PIERCING.png' width='22' height='22' vspace='-12'><font color='#CCCCCC' size='10'><b>ББ</b></font>",
    "ARMOR_PIERCING_CR":"<img src='img://gui/maps/icons/shell/ARMOR_PIERCING_CR.png' width='22' height='22' vspace='-12'><font color='#CCCCCC' size='10'><b>БП</b></font>",
    "ARMOR_PIERCING_HE":"<img src='img://gui/maps/icons/shell/ARMOR_PIERCING_HE.png' width='22' height='22' vspace='-12'><font color='#CCCCCC' size='10'><b>ББ</b></font>",
    "HIGH_EXPLOSIVE":"<img src='img://gui/maps/icons/shell/HIGH_EXPLOSIVE.png' width='22' height='22' vspace='-12'><font color='#CCCCCC' size='10'><b>ОФ</b></font>",
    "HIGH_EXPLOSIVE_PREMIUM":"ОФ-г",
    "HOLLOW_CHARGE":"<img src='img://gui/maps/icons/shell/HOLLOW_CHARGE.png' width='22' height='22' vspace='-12'><font color='#CCCCCC' size='10'><b>КС</b></font>",
    "SMOKE":"SM",
    "UNDEFINED":" <img src='img://gui/maps/icons/library/alertIcon2.png' width='18' height='18' vspace='-2'>"
  }
}