{
  "avgColor":{
    "brightness":1.0,
    "saturation":0.5
  },
  "enabled":true,
  "extendedLog":[
    "<textformat leading='-6' tabstops='[15, 77, 111, 200]'><font color='#CCCCCC' size='12'>",
    "<b><font size='10'>x%(shots)s</font><tab>",
    "%(shellType)s  %(totalDamage)s<tab>",
    "|<font color='#f2958d' size='14'>%(lastDamage)s</font><tab>",
    "<font color='#e34234'>%(classIcon)s</font>  %(tankName)s</b><tab>",
    "<img src='img://gui/maps/icons/vehicle/small/%(iconName)s.png' width='70' height='14' vspace='-7'>%(killedIcon)s",
    "</font></textformat>"
  ],
  "extendedLogALTMODE":[
    "<textformat leading='-6' tabstops='[15, 77, 111, 200]'><font color='#CCCCCC' size='12'>",
    "<b><font size='10'>x%(shots)s</font><tab>",
    "%(shellType)s  <font color='#f2958d' size='14'>WGR</font><tab><tab>",
    "<font color='%(tankClassColor)s'>%(classIcon)s %(userName)s</font></b><tab>",
    "<img src='img://gui/maps/icons/vehicle/small/%(iconName)s.png' width='70' height='14' vspace='-7'>%(killedIcon)s",
    "</font></textformat>"
  ],
  "killedIcon":"<img src='img://../mods/configs/mod_battle_observer/NooBooL/images/skull.png' width='16' height='15' vspace='-8'>",
  "reverse":false,
  "settings":{
    "align":"left",
    "x":10,
    "y":0
  },
  "shellColor":{
    "gold":"#FFD700",
    "normal":"#FAFAFA"
  },
  "shellTypes":{
    "ARMOR_PIERCING":"<img src='img://gui/maps/icons/shell/ARMOR_PIERCING.png' width='18' height='18' vspace='-8'><font color='#CCCCCC' size='9'><b>ББ</b></font>",
    "ARMOR_PIERCING_CR":"<img src='img://gui/maps/icons/shell/ARMOR_PIERCING_CR.png' width='18' height='18' vspace='-8'><font color='#CCCCCC' size='9'><b>БП</b></font>",
    "ARMOR_PIERCING_HE":"<img src='img://gui/maps/icons/shell/ARMOR_PIERCING_HE.png' width='18' height='18' vspace='-8'><font color='#CCCCCC' size='9'><b>ББ</b></font>",
    "HIGH_EXPLOSIVE":"<img src='img://gui/maps/icons/shell/HIGH_EXPLOSIVE.png' width='18' height='18' vspace='-8'><font color='#CCCCCC' size='9'><b>ОФ</b></font>",
    "HIGH_EXPLOSIVE_PREMIUM":"ОФ-г",
    "HOLLOW_CHARGE":"<img src='img://gui/maps/icons/shell/HOLLOW_CHARGE.png' width='18' height='18' vspace='-8'><font color='#CCCCCC' size='9'><b>КС</b></font>",
    "SMOKE":"SM",
    "UNDEFINED":" <img src='img://gui/maps/icons/library/alertIcon2.png' width='16' height='16' vspace='-2'>"
  }
}