﻿{
	"enabled": true,
	"mainGunDynamic": true,
	"settings": {
		"align": "left",
		"x": 350,
		"y": 0
	},
	"mainGunDoneIcon": "<font color='#60FF00' size='16' face='$IMELanguageBar'>Выполнено</font>",
	"mainGunFailureIcon": "<font color='#e34234' size='16' face='$IMELanguageBar'>Провалено</font>",
	"mainGunIcon": "<img src='img://gui/maps/icons/achievement/32x32/mainGun.png' width='32' height='30' vspace='-10'>",
	"template": "%(mainGunIcon)s<font size='16' color='%(mainGunColor)s'>%(mainGun)s  </font>%(mainGunDoneIcon)s%(mainGunFailureIcon)s"
}