{
  "bar_settings":{
    "bar":{
      "colors":{
        "ally":"#d0d0d0",
        "alpha":0.7,
        "bgAlpha":0.7,
        "bgColor":"#000000",
        "enemy":"#d0d0d0",
        "enemyBlind":"#6F6CD3"
      },
      "height":5,
      "outline":{
        "alpha":0.7,
        "color":"#000000",
        "customColor":true,
        "enabled":true
      },
      "width":60,
      "x":-8,
      "y":17
    },
    "text":{
      "align":"center",
      "x":30,
      "y":-16
    }
  },
  "enabled":true,
  "hp_text":"<font face='$FieldFont' color='#d0d0d0' size='12'><b>%(health)d</b></font>",
  "hpbarsShow_KEY":[
    56,
    184
  ],
  "hpbarsclassColor":false,
  "showHpBarsOnKeyDown":false
}