{
  "enabled":true,
  "user_background":[
    {
      "smoothing":true,
      "alpha":1.0,
      "centeredX":false,
      "centeredY":false,
      "enabled":true,
      "height":10,
      "img":"mods/configs/mod_battle_observer/NooBooL/images/bg/0.png",
      "width":160,
      "x":0,
      "y":0,
      "layer":"debugPanel"
    },
    {
      "smoothing":true,
      "alpha":1.0,
      "centeredX":false,
      "centeredY":false,
      "enabled":true,
      "height":10,
      "img":"mods/configs/mod_battle_observer/NooBooL/images/bg/0.png",
      "width":160,
      "x":0,
      "y":23,
      "layer":"debugPanel"
    },
    {
      "smoothing":true,
      "alpha":1.0,
      "centeredX":true,
      "centeredY":false,
      "enabled":true,
      "height":100,
      "img":"mods/configs/mod_battle_observer/NooBooL/images/bg/901.png",
      "width":950,
      "x":-475,
      "y":0
    },
    {
      "smoothing":true,
      "alpha":1.0,
      "centeredX":true,
      "centeredY":false,
      "enabled":true,
      "height":80,
      "img":"mods/configs/mod_battle_observer/NooBooL/images/bg/904.png",
      "width":80,
      "x":-40,
      "y":0
    }
  ]
}