{"header":{"version":3},"data":[{"IDNum":1,"expFrag":0.6446,"expDamage":316.565,"expSpot":1.134,"expDef":0.6095,"expWinRate":50.5179},{"IDNum":33,"expFrag":1.0162,"expDamage":464.8327,"expSpot":1.3197,"expDef":0.8672,"expWinRate":52.2411},{"IDNum":49,"expFrag":1.0337,"expDamage":1181.2461,"expSpot":1.7433,"expDef":0.9666,"expWinRate":54.1048},{"IDNum":81,"expFrag":1.0411,"expDamage":132.4169,"expSpot":0.7166,"expDef":0.7086,"expWinRate":51.5278},{"IDNum":113,"expFrag":1.2267,"expDamage":162.7546,"expSpot":0.9438,"expDef":0.5563,"expWinRate":54.9047},{"IDNum":129,"expFrag":1.2041,"expDamage":167.0629,"expSpot":1.5541,"expDef":0.6277,"expWinRate":55.4532},{"IDNum":257,"expFrag":0.8402,"expDamage":427.4408,"expSpot":0.4743,"expDef":0.7497,"expWinRate":50.449},{"IDNum":273,"expFrag":0.9829,"expDamage":873.318,"expSpot":0.0783,"expDef":1.0803,"expWinRate":50.461},{"IDNum":289,"expFrag":0.5118,"expDamage":129.1159,"expSpot":1.8889,"expDef":0.6293,"expWinRate":50.2012},{"IDNum":305,"expFrag":0.5833,"expDamage":616.2203,"expSpot":2.532,"expDef":0.5298,"expWinRate":51.6164},{"IDNum":321,"expFrag":0.6977,"expDamage":166.9082,"expSpot":0.5876,"expDef":0.9094,"expWinRate":52.0263},{"IDNum":337,"expFrag":0.9178,"expDamage":157.3621,"expSpot":0.6902,"expDef":0.7091,"expWinRate":50.9819},{"IDNum":353,"expFrag":1.0455,"expDamage":171.969,"expSpot":1.0983,"expDef":0.9398,"expWinRate":53.248},{"IDNum":369,"expFrag":1.122,"expDamage":209.3436,"expSpot":1.4305,"expDef":1.0387,"expWinRate":54.8029},{"IDNum":385,"expFrag":1.4581,"expDamage":251.386,"expSpot":1.4701,"expDef":1.0608,"expWinRate":58.4038},{"IDNum":513,"expFrag":0.8589,"expDamage":859.0769,"expSpot":0.9038,"expDef":0.6188,"expWinRate":50.4713},{"IDNum":529,"expFrag":0.8724,"expDamage":960.9489,"expSpot":0.9049,"expDef":0.7935,"expWinRate":51.85},{"IDNum":545,"expFrag":0.9954,"expDamage":128.2179,"expSpot":1.4732,"expDef":0.7891,"expWinRate":53.4457},{"IDNum":577,"expFrag":0.8132,"expDamage":110.5289,"expSpot":0.8611,"expDef":0.9256,"expWinRate":50.9041},{"IDNum":593,"expFrag":1.3182,"expDamage":231.0323,"expSpot":2.1111,"expDef":1.2299,"expWinRate":57.6754},{"IDNum":609,"expFrag":1.1116,"expDamage":138.2791,"expSpot":1.0485,"expDef":1.0304,"expWinRate":53.0242},{"IDNum":625,"expFrag":0.8346,"expDamage":244.7895,"expSpot":1.035,"expDef":1.1692,"expWinRate":54.059},{"IDNum":641,"expFrag":1.0867,"expDamage":299.2039,"expSpot":1.4782,"expDef":1.2099,"expWinRate":56.3509},{"IDNum":769,"expFrag":0.3041,"expDamage":83.8888,"expSpot":1.5733,"expDef":0.3818,"expWinRate":47.8021},{"IDNum":785,"expFrag":0.8239,"expDamage":140.5881,"expSpot":1.0783,"expDef":1.1266,"expWinRate":50.4822},{"IDNum":801,"expFrag":0.8008,"expDamage":651.9682,"expSpot":0.8752,"expDef":0.6231,"expWinRate":50.7287},{"IDNum":817,"expFrag":1.1196,"expDamage":1450.186,"expSpot":1.3334,"expDef":0.7541,"expWinRate":56.1689},{"IDNum":833,"expFrag":1.1469,"expDamage":190.1553,"expSpot":0.1375,"expDef":1.1907,"expWinRate":53.5184},{"IDNum":849,"expFrag":0.9069,"expDamage":340.8712,"expSpot":0.6452,"expDef":1.1551,"expWinRate":53.2803},{"IDNum":865,"expFrag":1.2466,"expDamage":210.5004,"expSpot":1.4486,"expDef":1.1443,"expWinRate":55.1217},{"IDNum":881,"expFrag":0.7332,"expDamage":283.6516,"expSpot":0.9834,"expDef":0.828,"expWinRate":51.4669},{"IDNum":897,"expFrag":0.8239,"expDamage":313.3991,"expSpot":1.1678,"expDef":0.7076,"expWinRate":52.2315},{"IDNum":1025,"expFrag":0.7316,"expDamage":128.6164,"expSpot":1.4793,"expDef":0.7627,"expWinRate":49.5609},{"IDNum":1041,"expFrag":0.84,"expDamage":430.2554,"expSpot":0.6481,"expDef":0.8067,"expWinRate":50.5524},{"IDNum":1057,"expFrag":1.076,"expDamage":518.1727,"expSpot":1.3036,"expDef":0.8112,"expWinRate":54.4871},{"IDNum":1073,"expFrag":1.0255,"expDamage":1004.884,"expSpot":1.5406,"expDef":0.9094,"expWinRate":56.462},{"IDNum":1089,"expFrag":0.613,"expDamage":193.4994,"expSpot":0.8032,"expDef":0.7462,"expWinRate":47.331},{"IDNum":1105,"expFrag":1.038,"expDamage":713.0737,"expSpot":1.9194,"expDef":0.8464,"expWinRate":56.0155},{"IDNum":1121,"expFrag":1.0144,"expDamage":1008.3786,"expSpot":1.0364,"expDef":1.0112,"expWinRate":52.7223},{"IDNum":1137,"expFrag":0.8283,"expDamage":471.1335,"expSpot":1.356,"expDef":0.8089,"expWinRate":53.1792},{"IDNum":1153,"expFrag":0.9242,"expDamage":488.5527,"expSpot":1.1387,"expDef":0.7084,"expWinRate":52.5597},{"IDNum":1297,"expFrag":0.8885,"expDamage":891.7388,"expSpot":1.2079,"expDef":1.0365,"expWinRate":54.3454},{"IDNum":1313,"expFrag":0.8748,"expDamage":607.4641,"expSpot":1.4025,"expDef":0.8365,"expWinRate":53.6338},{"IDNum":1329,"expFrag":1.3602,"expDamage":175.0991,"expSpot":1.1991,"expDef":1.2501,"expWinRate":52.9118},{"IDNum":1345,"expFrag":1.1256,"expDamage":186.6782,"expSpot":1.0549,"expDef":1.666,"expWinRate":55.2879},{"IDNum":1361,"expFrag":1.1036,"expDamage":282.8563,"expSpot":1.8077,"expDef":1.2464,"expWinRate":56.7367},{"IDNum":1377,"expFrag":0.816,"expDamage":432.0113,"expSpot":1.1278,"expDef":0.7136,"expWinRate":52.4861},{"IDNum":1393,"expFrag":1.033,"expDamage":792.3248,"expSpot":1.4129,"expDef":0.9297,"expWinRate":54.9013},{"IDNum":1409,"expFrag":1.1222,"expDamage":845.2856,"expSpot":1.1337,"expDef":0.9338,"expWinRate":55.5651},{"IDNum":1537,"expFrag":0.4873,"expDamage":183.3852,"expSpot":0.9424,"expDef":0.3747,"expWinRate":48.6392},{"IDNum":1553,"expFrag":0.8673,"expDamage":606.7831,"expSpot":0.6768,"expDef":0.8639,"expWinRate":51.1509},{"IDNum":1569,"expFrag":1.0218,"expDamage":1000.7492,"expSpot":1.7069,"expDef":0.9918,"expWinRate":56.3198},{"IDNum":1585,"expFrag":0.8911,"expDamage":1111.0444,"expSpot":1.6092,"expDef":0.8249,"expWinRate":53.4246},{"IDNum":1601,"expFrag":0.8786,"expDamage":146.2446,"expSpot":0.7199,"expDef":1.4849,"expWinRate":51.3295},{"IDNum":1617,"expFrag":0.8313,"expDamage":310.1517,"expSpot":0.7326,"expDef":0.7276,"expWinRate":51.4695},{"IDNum":1633,"expFrag":0.702,"expDamage":266.2837,"expSpot":1.0538,"expDef":0.6221,"expWinRate":51.4715},{"IDNum":1649,"expFrag":1.0477,"expDamage":1088.5754,"expSpot":1.216,"expDef":0.873,"expWinRate":55.7962},{"IDNum":1665,"expFrag":1.101,"expDamage":1096.9017,"expSpot":1.3266,"expDef":0.8431,"expWinRate":56.0347},{"IDNum":1793,"expFrag":0.9099,"expDamage":1130.0739,"expSpot":0.0456,"expDef":0.6536,"expWinRate":50.0154},{"IDNum":1809,"expFrag":0.8741,"expDamage":278.0271,"expSpot":0.4388,"expDef":0.6638,"expWinRate":51.1662},{"IDNum":1825,"expFrag":0.9598,"expDamage":161.9408,"expSpot":2.0925,"expDef":0.9539,"expWinRate":53.5113},{"IDNum":1841,"expFrag":0.9827,"expDamage":1558.174,"expSpot":1.4957,"expDef":0.6575,"expWinRate":54.0043},{"IDNum":1889,"expFrag":1.0143,"expDamage":754.2366,"expSpot":1.0777,"expDef":0.9298,"expWinRate":53.049},{"IDNum":1905,"expFrag":0.959,"expDamage":1264.0598,"expSpot":1.0554,"expDef":0.8638,"expWinRate":54.1003},{"IDNum":1921,"expFrag":1.3408,"expDamage":1763.3929,"expSpot":0.8996,"expDef":0.8674,"expWinRate":58.6624},{"IDNum":2049,"expFrag":0.1897,"expDamage":76.3225,"expSpot":1.8609,"expDef":0.201,"expWinRate":47.487},{"IDNum":2065,"expFrag":0.9438,"expDamage":158.7807,"expSpot":1.4119,"expDef":1.1803,"expWinRate":52.3107},{"IDNum":2081,"expFrag":0.9555,"expDamage":169.3596,"expSpot":0.3863,"expDef":1.3332,"expWinRate":50.9016},{"IDNum":2097,"expFrag":1.0268,"expDamage":1791.394,"expSpot":1.266,"expDef":0.5824,"expWinRate":55.8321},{"IDNum":2113,"expFrag":1.3266,"expDamage":661.3221,"expSpot":0.1065,"expDef":1.4439,"expWinRate":55.3607},{"IDNum":2129,"expFrag":0.6928,"expDamage":334.0439,"expSpot":1.4836,"expDef":0.6734,"expWinRate":50.9942},{"IDNum":2145,"expFrag":1.1122,"expDamage":281.0574,"expSpot":1.0793,"expDef":0.9851,"expWinRate":55.2584},{"IDNum":2161,"expFrag":1.4096,"expDamage":2181.1067,"expSpot":1.1543,"expDef":0.9008,"expWinRate":58.0661},{"IDNum":2177,"expFrag":1.2966,"expDamage":2078.7173,"expSpot":0.9831,"expDef":0.6995,"expWinRate":58.7514},{"IDNum":2305,"expFrag":0.9636,"expDamage":926.5463,"expSpot":0.5076,"expDef":0.6665,"expWinRate":51.6087},{"IDNum":2321,"expFrag":0.8586,"expDamage":631.5182,"expSpot":1.0629,"expDef":0.7661,"expWinRate":52.784},{"IDNum":2353,"expFrag":1.2597,"expDamage":209.3294,"expSpot":1.2521,"expDef":1.1795,"expWinRate":55.5408},{"IDNum":2369,"expFrag":1.7037,"expDamage":419.3392,"expSpot":1.0632,"expDef":1.5179,"expWinRate":59.1529},{"IDNum":2385,"expFrag":0.5683,"expDamage":147.7659,"expSpot":0.676,"expDef":0.6442,"expWinRate":49.6541},{"IDNum":2401,"expFrag":1.072,"expDamage":265.296,"expSpot":1.5939,"expDef":1.1208,"expWinRate":55.4561},{"IDNum":2417,"expFrag":1.5845,"expDamage":2634.4829,"expSpot":1.446,"expDef":0.8478,"expWinRate":56.8645},{"IDNum":2433,"expFrag":1.4044,"expDamage":2544.1841,"expSpot":1.2414,"expDef":0.6872,"expWinRate":58.3148},{"IDNum":2561,"expFrag":0.7654,"expDamage":568.9099,"expSpot":1.1926,"expDef":0.6531,"expWinRate":51.6602},{"IDNum":2577,"expFrag":0.8421,"expDamage":550.7574,"expSpot":1.2034,"expDef":0.7263,"expWinRate":52.1705},{"IDNum":2593,"expFrag":1.0705,"expDamage":1817.7083,"expSpot":0.7176,"expDef":0.5621,"expWinRate":52.0969},{"IDNum":2625,"expFrag":0.8649,"expDamage":752.7409,"expSpot":0.8153,"expDef":0.6763,"expWinRate":52.7295},{"IDNum":2657,"expFrag":0.9809,"expDamage":1295.5513,"expSpot":1.2934,"expDef":1.0273,"expWinRate":53.6725},{"IDNum":2689,"expFrag":0.9355,"expDamage":169.7642,"expSpot":0.5544,"expDef":0.7517,"expWinRate":53.1127},{"IDNum":2817,"expFrag":0.9737,"expDamage":747.3705,"expSpot":0.946,"expDef":0.594,"expWinRate":52.9981},{"IDNum":2833,"expFrag":0.7599,"expDamage":232.4713,"expSpot":0.1969,"expDef":0.9133,"expWinRate":52.4691},{"IDNum":2849,"expFrag":0.8895,"expDamage":1359.6113,"expSpot":0.7976,"expDef":0.6701,"expWinRate":52.0292},{"IDNum":2865,"expFrag":0.9807,"expDamage":1375.7498,"expSpot":1.108,"expDef":0.7408,"expWinRate":55.5941},{"IDNum":2881,"expFrag":0.4109,"expDamage":136.1045,"expSpot":0.5644,"expDef":0.5308,"expWinRate":49.0906},{"IDNum":2897,"expFrag":0.9339,"expDamage":510.4376,"expSpot":0.7527,"expDef":0.9161,"expWinRate":52.2538},{"IDNum":2913,"expFrag":0.8971,"expDamage":329.9339,"expSpot":1.6589,"expDef":0.8001,"expWinRate":54.2996},{"IDNum":2945,"expFrag":1.1187,"expDamage":313.664,"expSpot":0.5828,"expDef":1.1203,"expWinRate":54.2002},{"IDNum":3073,"expFrag":0.4298,"expDamage":110.0084,"expSpot":0.9483,"expDef":0.43,"expWinRate":48.4191},{"IDNum":3089,"expFrag":0.9194,"expDamage":124.1162,"expSpot":1.1848,"expDef":0.9683,"expWinRate":52.3308},{"IDNum":3105,"expFrag":0.5941,"expDamage":206.832,"expSpot":0.6589,"expDef":0.4541,"expWinRate":49.1153},{"IDNum":3121,"expFrag":0.4987,"expDamage":189.5062,"expSpot":2.1731,"expDef":0.4567,"expWinRate":49.9741},{"IDNum":3137,"expFrag":1.2072,"expDamage":1501.0808,"expSpot":0.9148,"expDef":1.027,"expWinRate":54.4478},{"IDNum":3153,"expFrag":0.9911,"expDamage":1049.7979,"expSpot":0.8166,"expDef":1.0417,"expWinRate":55.507},{"IDNum":3169,"expFrag":0.9395,"expDamage":167.7069,"expSpot":1.1337,"expDef":0.9274,"expWinRate":53.1176},{"IDNum":3201,"expFrag":0.8216,"expDamage":283.2751,"expSpot":0.5189,"expDef":0.7246,"expWinRate":50.7843},{"IDNum":3329,"expFrag":0.9894,"expDamage":130.4763,"expSpot":0.9036,"expDef":0.959,"expWinRate":52.2476},{"IDNum":3345,"expFrag":0.6119,"expDamage":150.8024,"expSpot":0.9305,"expDef":0.673,"expWinRate":50.5547},{"IDNum":3361,"expFrag":0.8577,"expDamage":456.3041,"expSpot":0.9045,"expDef":0.7329,"expWinRate":50.5768},{"IDNum":3377,"expFrag":0.5473,"expDamage":618.1308,"expSpot":2.605,"expDef":0.4426,"expWinRate":52.248},{"IDNum":3393,"expFrag":0.915,"expDamage":322.4574,"expSpot":0.1359,"expDef":1.3996,"expWinRate":49.9655},{"IDNum":3409,"expFrag":0.7168,"expDamage":176.5386,"expSpot":0.1194,"expDef":1.01,"expWinRate":50.9206},{"IDNum":3425,"expFrag":1.1176,"expDamage":1827.5641,"expSpot":1.2414,"expDef":0.8493,"expWinRate":54.8036},{"IDNum":3457,"expFrag":0.9733,"expDamage":453.51,"expSpot":0.7619,"expDef":0.6319,"expWinRate":52.136},{"IDNum":3585,"expFrag":1.0208,"expDamage":733.0085,"expSpot":0.7178,"expDef":0.8404,"expWinRate":52.5662},{"IDNum":3601,"expFrag":1.473,"expDamage":245.097,"expSpot":0.8106,"expDef":1.3064,"expWinRate":55.5853},{"IDNum":3617,"expFrag":0.873,"expDamage":463.5612,"expSpot":0.1164,"expDef":1.5395,"expWinRate":49.325},{"IDNum":3633,"expFrag":1.1372,"expDamage":1194.3531,"expSpot":1.0988,"expDef":0.7566,"expWinRate":56.5787},{"IDNum":3649,"expFrag":1.244,"expDamage":1957.2725,"expSpot":1.9534,"expDef":0.797,"expWinRate":51.9757},{"IDNum":3665,"expFrag":1.0542,"expDamage":801.26,"expSpot":1.0492,"expDef":0.956,"expWinRate":53.9659},{"IDNum":3681,"expFrag":1.2574,"expDamage":2257.2002,"expSpot":1.4833,"expDef":0.8456,"expWinRate":54.5842},{"IDNum":3713,"expFrag":1.0472,"expDamage":826.002,"expSpot":0.656,"expDef":0.8816,"expWinRate":53.56},{"IDNum":3841,"expFrag":0.8469,"expDamage":147.6759,"expSpot":0.1349,"expDef":1.1964,"expWinRate":48.9574},{"IDNum":3857,"expFrag":1.0146,"expDamage":1026.292,"expSpot":0.6785,"expDef":0.8726,"expWinRate":53.1122},{"IDNum":3873,"expFrag":1.0678,"expDamage":1167.4868,"expSpot":1.0313,"expDef":0.8952,"expWinRate":54.6346},{"IDNum":3889,"expFrag":0.6,"expDamage":791.2238,"expSpot":2.7125,"expDef":0.4838,"expWinRate":52.383},{"IDNum":3905,"expFrag":1.1866,"expDamage":1827.3591,"expSpot":0.8864,"expDef":0.8201,"expWinRate":53.3906},{"IDNum":3921,"expFrag":0.8871,"expDamage":1308.5688,"expSpot":1.0663,"expDef":0.8668,"expWinRate":53.8161},{"IDNum":3937,"expFrag":1.0691,"expDamage":2110.8071,"expSpot":0.8615,"expDef":0.4405,"expWinRate":54.9959},{"IDNum":3969,"expFrag":1.0242,"expDamage":1072.9447,"expSpot":0.6197,"expDef":0.9393,"expWinRate":53.6714},{"IDNum":4097,"expFrag":0.935,"expDamage":1235.9749,"expSpot":0.023,"expDef":0.5508,"expWinRate":49.6943},{"IDNum":4113,"expFrag":0.8922,"expDamage":810.53,"expSpot":1.475,"expDef":0.869,"expWinRate":53.0645},{"IDNum":4129,"expFrag":0.9958,"expDamage":771.3348,"expSpot":0.0794,"expDef":1.2048,"expWinRate":51.1005},{"IDNum":4145,"expFrag":1.1252,"expDamage":2071.5183,"expSpot":1.4098,"expDef":0.6598,"expWinRate":53.4968},{"IDNum":4161,"expFrag":0.9768,"expDamage":527.3257,"expSpot":0.0977,"expDef":1.7292,"expWinRate":51.2109},{"IDNum":4193,"expFrag":0.8999,"expDamage":1589.6829,"expSpot":0.649,"expDef":0.4368,"expWinRate":54.0487},{"IDNum":4225,"expFrag":1.1064,"expDamage":1579.0872,"expSpot":0.6441,"expDef":0.9664,"expWinRate":53.5017},{"IDNum":4353,"expFrag":0.7874,"expDamage":938.8496,"expSpot":1.5967,"expDef":0.7232,"expWinRate":52.003},{"IDNum":4369,"expFrag":0.4582,"expDamage":144.4771,"expSpot":1.4824,"expDef":0.4035,"expWinRate":49.7288},{"IDNum":4385,"expFrag":0.9657,"expDamage":1320.9209,"expSpot":1.1649,"expDef":0.8861,"expWinRate":53.6286},{"IDNum":4401,"expFrag":1.0435,"expDamage":256.9767,"expSpot":1.0608,"expDef":1.024,"expWinRate":54.0941},{"IDNum":4417,"expFrag":0.9828,"expDamage":469.2494,"expSpot":1.1027,"expDef":0.7859,"expWinRate":53.1},{"IDNum":4433,"expFrag":1.0166,"expDamage":1802.0598,"expSpot":1.0147,"expDef":0.6733,"expWinRate":54.3493},{"IDNum":4449,"expFrag":0.7258,"expDamage":261.4078,"expSpot":0.6142,"expDef":0.5874,"expWinRate":48.6044},{"IDNum":4481,"expFrag":1.2437,"expDamage":2137.262,"expSpot":0.6512,"expDef":0.9492,"expWinRate":56.0022},{"IDNum":4609,"expFrag":0.7843,"expDamage":133.7287,"expSpot":0.7075,"expDef":1.082,"expWinRate":49.3493},{"IDNum":4625,"expFrag":0.628,"expDamage":246.8026,"expSpot":0.1661,"expDef":1.0322,"expWinRate":48.6271},{"IDNum":4641,"expFrag":0.6616,"expDamage":249.0084,"expSpot":0.1584,"expDef":0.9078,"expWinRate":48.461},{"IDNum":4657,"expFrag":0.9349,"expDamage":443.7669,"expSpot":1.3192,"expDef":0.8315,"expWinRate":52.8755},{"IDNum":4673,"expFrag":1.034,"expDamage":904.0588,"expSpot":0.0825,"expDef":1.2623,"expWinRate":52.1638},{"IDNum":4689,"expFrag":0.9245,"expDamage":710.0198,"expSpot":0.6839,"expDef":0.9031,"expWinRate":52.9143},{"IDNum":4705,"expFrag":0.8469,"expDamage":264.091,"expSpot":0.7313,"expDef":0.753,"expWinRate":51.5957},{"IDNum":4737,"expFrag":1.4598,"expDamage":2741.5591,"expSpot":0.7826,"expDef":1.0029,"expWinRate":56.3872},{"IDNum":4865,"expFrag":0.9114,"expDamage":507.5078,"expSpot":0.0973,"expDef":1.2039,"expWinRate":49.9639},{"IDNum":4881,"expFrag":0.4903,"expDamage":120.1555,"expSpot":1.2418,"expDef":0.4432,"expWinRate":49.5658},{"IDNum":4897,"expFrag":0.6813,"expDamage":154.6673,"expSpot":1.0233,"expDef":0.559,"expWinRate":50.0465},{"IDNum":4913,"expFrag":0.4557,"expDamage":329.0393,"expSpot":2.7165,"expDef":0.3681,"expWinRate":51.3402},{"IDNum":4929,"expFrag":0.7148,"expDamage":818.9378,"expSpot":2.3917,"expDef":0.5521,"expWinRate":52.3571},{"IDNum":4945,"expFrag":0.6392,"expDamage":248.0204,"expSpot":0.6692,"expDef":0.8321,"expWinRate":51.6133},{"IDNum":4961,"expFrag":0.9604,"expDamage":1393.9204,"expSpot":0.8011,"expDef":0.6261,"expWinRate":55.0952},{"IDNum":5121,"expFrag":1.1024,"expDamage":191.3274,"expSpot":0.3612,"expDef":1.1142,"expWinRate":52.678},{"IDNum":5137,"expFrag":0.8883,"expDamage":1259.593,"expSpot":0.9572,"expDef":0.7688,"expWinRate":51.8294},{"IDNum":5153,"expFrag":0.4527,"expDamage":160.1758,"expSpot":2.287,"expDef":0.4524,"expWinRate":50.9677},{"IDNum":5169,"expFrag":0.9956,"expDamage":696.5503,"expSpot":1.4958,"expDef":0.8644,"expWinRate":54.4684},{"IDNum":5185,"expFrag":0.536,"expDamage":505.7969,"expSpot":2.0628,"expDef":0.4473,"expWinRate":51.53},{"IDNum":5201,"expFrag":1.1828,"expDamage":204.1447,"expSpot":1.0871,"expDef":1.0405,"expWinRate":53.7796},{"IDNum":5217,"expFrag":1.0696,"expDamage":1227.8772,"expSpot":0.9985,"expDef":0.6557,"expWinRate":56.8774},{"IDNum":5377,"expFrag":0.9298,"expDamage":1276.5842,"expSpot":0.956,"expDef":0.7199,"expWinRate":51.8286},{"IDNum":5393,"expFrag":0.3953,"expDamage":197.3368,"expSpot":2.7246,"expDef":0.3311,"expWinRate":50.9148},{"IDNum":5409,"expFrag":0.6323,"expDamage":296.9589,"expSpot":1.7782,"expDef":0.5467,"expWinRate":50.615},{"IDNum":5425,"expFrag":1.0705,"expDamage":2107.7957,"expSpot":1.3817,"expDef":0.5685,"expWinRate":54.8249},{"IDNum":5457,"expFrag":1.0469,"expDamage":963.2807,"expSpot":1.7189,"expDef":0.9998,"expWinRate":54.3523},{"IDNum":5473,"expFrag":1.1504,"expDamage":910.8318,"expSpot":0.8261,"expDef":0.6004,"expWinRate":55.2899},{"IDNum":5633,"expFrag":0.9715,"expDamage":885.2796,"expSpot":0.0677,"expDef":0.9723,"expWinRate":50.0134},{"IDNum":5649,"expFrag":0.9412,"expDamage":550.2725,"expSpot":0.1046,"expDef":1.2438,"expWinRate":50.8857},{"IDNum":5665,"expFrag":0.7339,"expDamage":130.4044,"expSpot":1.2406,"expDef":0.861,"expWinRate":49.8463},{"IDNum":5681,"expFrag":1.1785,"expDamage":1728.2706,"expSpot":2.2204,"expDef":0.7787,"expWinRate":56.8508},{"IDNum":5697,"expFrag":1.0251,"expDamage":1408.5985,"expSpot":1.3883,"expDef":0.7608,"expWinRate":51.9924},{"IDNum":5713,"expFrag":1.0451,"expDamage":1755.2732,"expSpot":1.2144,"expDef":0.8475,"expWinRate":54.3931},{"IDNum":5729,"expFrag":1.3538,"expDamage":753.7009,"expSpot":1.1447,"expDef":0.6905,"expWinRate":55.4959},{"IDNum":5889,"expFrag":0.9158,"expDamage":975.6458,"expSpot":0.7324,"expDef":0.6311,"expWinRate":51.7636},{"IDNum":5905,"expFrag":0.7139,"expDamage":250.6164,"expSpot":0.1476,"expDef":1.06,"expWinRate":48.392},{"IDNum":5921,"expFrag":1.0175,"expDamage":1277.1251,"expSpot":1.5845,"expDef":1.0874,"expWinRate":55.1758},{"IDNum":5937,"expFrag":1.2864,"expDamage":2305.1128,"expSpot":2.6984,"expDef":0.7827,"expWinRate":55.8243},{"IDNum":5953,"expFrag":0.5386,"expDamage":121.7201,"expSpot":0.69,"expDef":0.8736,"expWinRate":51.7306},{"IDNum":5969,"expFrag":0.909,"expDamage":1254.436,"expSpot":1.2847,"expDef":0.906,"expWinRate":55.1003},{"IDNum":5985,"expFrag":1.3509,"expDamage":224.4351,"expSpot":1.1626,"expDef":0.8977,"expWinRate":55.5431},{"IDNum":6145,"expFrag":1.0078,"expDamage":1969.0216,"expSpot":1.0849,"expDef":0.6672,"expWinRate":51.0664},{"IDNum":6161,"expFrag":0.527,"expDamage":177.7764,"expSpot":1.9907,"expDef":0.5053,"expWinRate":51.5481},{"IDNum":6177,"expFrag":1.5998,"expDamage":235.5468,"expSpot":1.0055,"expDef":1.035,"expWinRate":53.8454},{"IDNum":6209,"expFrag":1.2927,"expDamage":2278.2363,"expSpot":1.0168,"expDef":0.7904,"expWinRate":53.1783},{"IDNum":6225,"expFrag":1.1322,"expDamage":2231.6648,"expSpot":1.1248,"expDef":0.6838,"expWinRate":54.2424},{"IDNum":6401,"expFrag":0.6701,"expDamage":184.5119,"expSpot":0.569,"expDef":0.7264,"expWinRate":49.7143},{"IDNum":6417,"expFrag":0.6121,"expDamage":301.0257,"expSpot":1.3174,"expDef":0.5215,"expWinRate":49.9767},{"IDNum":6433,"expFrag":0.9916,"expDamage":236.4888,"expSpot":1.0002,"expDef":0.7047,"expWinRate":52.1518},{"IDNum":6465,"expFrag":0.4675,"expDamage":369.1596,"expSpot":1.8114,"expDef":0.3793,"expWinRate":50.7776},{"IDNum":6481,"expFrag":0.528,"expDamage":190.6933,"expSpot":1.3382,"expDef":0.5224,"expWinRate":49.9688},{"IDNum":6657,"expFrag":0.7956,"expDamage":740.6114,"expSpot":1.368,"expDef":0.756,"expWinRate":52.0663},{"IDNum":6673,"expFrag":0.9731,"expDamage":270.7769,"expSpot":0.7563,"expDef":0.948,"expWinRate":53.755},{"IDNum":6721,"expFrag":0.9045,"expDamage":497.9916,"expSpot":0.7135,"expDef":0.6858,"expWinRate":51.4392},{"IDNum":6913,"expFrag":0.7441,"expDamage":282.01,"expSpot":0.7166,"expDef":0.6672,"expWinRate":50.072},{"IDNum":6929,"expFrag":0.9723,"expDamage":1886.1069,"expSpot":0.916,"expDef":0.6877,"expWinRate":53.1766},{"IDNum":6945,"expFrag":0.8947,"expDamage":457.81,"expSpot":0.7952,"expDef":0.8752,"expWinRate":51.7496},{"IDNum":6977,"expFrag":0.8891,"expDamage":1010.7745,"expSpot":0.8708,"expDef":0.8424,"expWinRate":52.9225},{"IDNum":6993,"expFrag":1.0551,"expDamage":235.7353,"expSpot":0.8236,"expDef":0.7736,"expWinRate":53.2223},{"IDNum":7169,"expFrag":0.9131,"expDamage":1814.079,"expSpot":1.1866,"expDef":0.5671,"expWinRate":50.3465},{"IDNum":7185,"expFrag":0.7507,"expDamage":554.5773,"expSpot":1.1093,"expDef":0.6123,"expWinRate":51.419},{"IDNum":7201,"expFrag":0.9306,"expDamage":717.628,"expSpot":0.8208,"expDef":0.891,"expWinRate":53.1006},{"IDNum":7233,"expFrag":0.9082,"expDamage":1072.9852,"expSpot":0.0702,"expDef":1.0151,"expWinRate":51.3486},{"IDNum":7249,"expFrag":1.1646,"expDamage":2166.7136,"expSpot":1.3973,"expDef":0.7398,"expWinRate":53.7898},{"IDNum":7425,"expFrag":1.1156,"expDamage":1462.2126,"expSpot":0.554,"expDef":0.6947,"expWinRate":50.8989},{"IDNum":7441,"expFrag":0.9843,"expDamage":1645.4453,"expSpot":0.9689,"expDef":0.6303,"expWinRate":52.9621},{"IDNum":7457,"expFrag":1.0031,"expDamage":1433.6346,"expSpot":0.045,"expDef":0.704,"expWinRate":52.0977},{"IDNum":7489,"expFrag":0.968,"expDamage":1334.5739,"expSpot":0.0666,"expDef":0.8974,"expWinRate":51.4544},{"IDNum":7505,"expFrag":0.9182,"expDamage":234.1861,"expSpot":1.3987,"expDef":0.74,"expWinRate":53.4632},{"IDNum":7681,"expFrag":0.9461,"expDamage":351.0975,"expSpot":0.1116,"expDef":1.38,"expWinRate":51.0615},{"IDNum":7697,"expFrag":1.0781,"expDamage":1428.7609,"expSpot":0.592,"expDef":0.8435,"expWinRate":52.1652},{"IDNum":7713,"expFrag":0.8941,"expDamage":336.941,"expSpot":0.8816,"expDef":0.7958,"expWinRate":51.8987},{"IDNum":7745,"expFrag":1.6178,"expDamage":260.54,"expSpot":0.6817,"expDef":1.4449,"expWinRate":55.9778},{"IDNum":7761,"expFrag":1.2819,"expDamage":219.3427,"expSpot":1.6642,"expDef":0.9767,"expWinRate":56.027},{"IDNum":7937,"expFrag":0.9518,"expDamage":1440.2288,"expSpot":1.7893,"expDef":0.6877,"expWinRate":52.3481},{"IDNum":7953,"expFrag":1.1427,"expDamage":1871.1403,"expSpot":0.6327,"expDef":0.7021,"expWinRate":52.613},{"IDNum":7969,"expFrag":0.9743,"expDamage":1123.5757,"expSpot":0.0558,"expDef":0.8839,"expWinRate":51.7666},{"IDNum":8017,"expFrag":1.1522,"expDamage":257.932,"expSpot":0.6484,"expDef":1.0244,"expWinRate":52.4744},{"IDNum":8193,"expFrag":1.273,"expDamage":2043.3915,"expSpot":0.6847,"expDef":0.7394,"expWinRate":52.4256},{"IDNum":8209,"expFrag":0.3002,"expDamage":110.9222,"expSpot":1.5944,"expDef":0.3336,"expWinRate":48.9909},{"IDNum":8225,"expFrag":1.0391,"expDamage":1407.3336,"expSpot":0.4871,"expDef":0.845,"expWinRate":52.023},{"IDNum":8257,"expFrag":1.0404,"expDamage":262.0074,"expSpot":0.8238,"expDef":1.2095,"expWinRate":54.6625},{"IDNum":8273,"expFrag":1.3912,"expDamage":225.9631,"expSpot":1.0838,"expDef":1.141,"expWinRate":54.9954},{"IDNum":8449,"expFrag":0.994,"expDamage":1507.764,"expSpot":0.0306,"expDef":0.571,"expWinRate":49.8576},{"IDNum":8465,"expFrag":0.9056,"expDamage":1163.9987,"expSpot":1.3532,"expDef":0.8774,"expWinRate":54.1684},{"IDNum":8481,"expFrag":0.9137,"expDamage":1695.0603,"expSpot":0.0396,"expDef":0.5191,"expWinRate":49.7535},{"IDNum":8529,"expFrag":1.0737,"expDamage":1439.3156,"expSpot":0.6124,"expDef":1.0442,"expWinRate":53.648},{"IDNum":8705,"expFrag":1.0022,"expDamage":1755.1332,"expSpot":0.0501,"expDef":0.6529,"expWinRate":49.6112},{"IDNum":8721,"expFrag":0.923,"expDamage":1411.2456,"expSpot":0.0395,"expDef":0.5164,"expWinRate":49.5893},{"IDNum":8737,"expFrag":1.1255,"expDamage":1811.3962,"expSpot":0.4546,"expDef":0.6024,"expWinRate":52.9503},{"IDNum":8785,"expFrag":0.9249,"expDamage":454.7319,"expSpot":0.662,"expDef":1.1174,"expWinRate":53.866},{"IDNum":8961,"expFrag":0.5686,"expDamage":507.7068,"expSpot":1.2809,"expDef":0.6047,"expWinRate":49.3184},{"IDNum":8977,"expFrag":0.9924,"expDamage":1170.6785,"expSpot":0.0474,"expDef":0.8603,"expWinRate":51.1143},{"IDNum":8993,"expFrag":1.1349,"expDamage":1739.5367,"expSpot":1.6271,"expDef":0.8167,"expWinRate":54.7301},{"IDNum":9041,"expFrag":0.7875,"expDamage":273.2447,"expSpot":1.0975,"expDef":0.6786,"expWinRate":50.8075},{"IDNum":9217,"expFrag":1.1856,"expDamage":1521.6716,"expSpot":1.1298,"expDef":0.8238,"expWinRate":55.2594},{"IDNum":9233,"expFrag":0.9557,"expDamage":1686.0544,"expSpot":0.0386,"expDef":0.5,"expWinRate":49.68},{"IDNum":9249,"expFrag":1.0629,"expDamage":1046.2122,"expSpot":0.7926,"expDef":1.0015,"expWinRate":53.9423},{"IDNum":9297,"expFrag":1.1989,"expDamage":2213.7688,"expSpot":0.5716,"expDef":0.4503,"expWinRate":50.7083},{"IDNum":9473,"expFrag":0.3481,"expDamage":136.7747,"expSpot":3.3573,"expDef":0.2966,"expWinRate":51.3641},{"IDNum":9489,"expFrag":1.027,"expDamage":2063.8271,"expSpot":0.9858,"expDef":0.5088,"expWinRate":52.5634},{"IDNum":9505,"expFrag":0.9873,"expDamage":1662.7646,"expSpot":1.0703,"expDef":0.6806,"expWinRate":51.9083},{"IDNum":9553,"expFrag":0.9633,"expDamage":714.7651,"expSpot":0.6191,"expDef":1.0477,"expWinRate":54.6325},{"IDNum":9745,"expFrag":0.987,"expDamage":1657.2408,"expSpot":1.006,"expDef":0.6578,"expWinRate":52.7877},{"IDNum":9761,"expFrag":0.5765,"expDamage":413.223,"expSpot":2.7547,"expDef":0.5262,"expWinRate":52.6274},{"IDNum":9793,"expFrag":0.7078,"expDamage":245.7231,"expSpot":0.4189,"expDef":0.5942,"expWinRate":50.3688},{"IDNum":9809,"expFrag":0.7826,"expDamage":613.0581,"expSpot":0.3938,"expDef":0.7658,"expWinRate":50.3528},{"IDNum":9985,"expFrag":1.0225,"expDamage":1288.7473,"expSpot":0.9514,"expDef":0.8788,"expWinRate":50.5658},{"IDNum":10001,"expFrag":0.5268,"expDamage":428.0581,"expSpot":2.6688,"expDef":0.4059,"expWinRate":51.8825},{"IDNum":10017,"expFrag":0.9853,"expDamage":695.7629,"expSpot":1.0966,"expDef":0.9633,"expWinRate":54.1533},{"IDNum":10049,"expFrag":1.1417,"expDamage":588.2856,"expSpot":0.7314,"expDef":1.0259,"expWinRate":53.4916},{"IDNum":10065,"expFrag":1.1393,"expDamage":1185.8278,"expSpot":0.6316,"expDef":1.1168,"expWinRate":56.8279},{"IDNum":10241,"expFrag":1.039,"expDamage":1029.4647,"expSpot":0.8561,"expDef":1.0115,"expWinRate":53.2669},{"IDNum":10257,"expFrag":1.0664,"expDamage":1711.6577,"expSpot":1.4112,"expDef":0.7346,"expWinRate":54.2013},{"IDNum":10273,"expFrag":0.7199,"expDamage":273.0115,"expSpot":1.1545,"expDef":0.7267,"expWinRate":50.8434},{"IDNum":10497,"expFrag":1.0324,"expDamage":792.4717,"expSpot":0.6535,"expDef":0.5913,"expWinRate":53.1264},{"IDNum":10513,"expFrag":0.9373,"expDamage":1276.6447,"expSpot":1.164,"expDef":0.8067,"expWinRate":52.8505},{"IDNum":10529,"expFrag":0.982,"expDamage":492.0253,"expSpot":1.5054,"expDef":0.9248,"expWinRate":52.6908},{"IDNum":10577,"expFrag":1.0532,"expDamage":149.7941,"expSpot":0.2678,"expDef":0.9295,"expWinRate":53.4694},{"IDNum":10753,"expFrag":0.9349,"expDamage":1653.4938,"expSpot":0.8939,"expDef":0.5811,"expWinRate":52.3253},{"IDNum":10769,"expFrag":0.9378,"expDamage":1046.8143,"expSpot":0.8901,"expDef":0.89,"expWinRate":53.9886},{"IDNum":10785,"expFrag":1.0497,"expDamage":2060.5342,"expSpot":1.2193,"expDef":0.7034,"expWinRate":52.4147},{"IDNum":10817,"expFrag":0.8953,"expDamage":970.4224,"expSpot":0.6642,"expDef":0.8284,"expWinRate":52.7565},{"IDNum":10833,"expFrag":0.6913,"expDamage":252.4337,"expSpot":0.0844,"expDef":1.175,"expWinRate":49.8104},{"IDNum":11009,"expFrag":0.8041,"expDamage":1163.1294,"expSpot":0.7608,"expDef":0.6349,"expWinRate":51.1601},{"IDNum":11025,"expFrag":0.9911,"expDamage":1017.6923,"expSpot":0.4736,"expDef":0.8041,"expWinRate":50.5708},{"IDNum":11041,"expFrag":0.8982,"expDamage":946.8804,"expSpot":0.919,"expDef":0.9156,"expWinRate":52.5539},{"IDNum":11073,"expFrag":1.0619,"expDamage":1719.8762,"expSpot":0.9882,"expDef":0.751,"expWinRate":53.3692},{"IDNum":11089,"expFrag":0.9939,"expDamage":521.7651,"expSpot":0.1073,"expDef":1.1823,"expWinRate":52.8396},{"IDNum":11265,"expFrag":0.7733,"expDamage":614.8763,"expSpot":0.6758,"expDef":0.5778,"expWinRate":50.2664},{"IDNum":11281,"expFrag":0.9864,"expDamage":378.6614,"expSpot":0.7436,"expDef":0.9528,"expWinRate":52.427},{"IDNum":11297,"expFrag":0.9997,"expDamage":1383.6178,"expSpot":0.4797,"expDef":0.8013,"expWinRate":51.3402},{"IDNum":11345,"expFrag":0.872,"expDamage":910.5843,"expSpot":0.0706,"expDef":1.3061,"expWinRate":51.6696},{"IDNum":11521,"expFrag":0.9169,"expDamage":1505.9196,"expSpot":1.0496,"expDef":0.6299,"expWinRate":50.0799},{"IDNum":11537,"expFrag":1.1277,"expDamage":1536.1725,"expSpot":0.7523,"expDef":0.8245,"expWinRate":53.2946},{"IDNum":11553,"expFrag":1.0432,"expDamage":794.001,"expSpot":1.3234,"expDef":0.984,"expWinRate":54.2924},{"IDNum":11585,"expFrag":0.8535,"expDamage":668.2575,"expSpot":0.6014,"expDef":0.7892,"expWinRate":51.1331},{"IDNum":11601,"expFrag":0.9417,"expDamage":1537.5063,"expSpot":0.032,"expDef":0.6365,"expWinRate":51.9855},{"IDNum":11777,"expFrag":0.8819,"expDamage":476.5392,"expSpot":0.6511,"expDef":0.7049,"expWinRate":50.7597},{"IDNum":11793,"expFrag":1.0117,"expDamage":800.4422,"expSpot":0.6044,"expDef":0.8921,"expWinRate":51.045},{"IDNum":11809,"expFrag":1.2253,"expDamage":1021.5316,"expSpot":1.8248,"expDef":1.3396,"expWinRate":55.4791},{"IDNum":11841,"expFrag":1.1189,"expDamage":1743.9246,"expSpot":0.0789,"expDef":0.9438,"expWinRate":50.9663},{"IDNum":11857,"expFrag":0.9787,"expDamage":721.2003,"expSpot":0.18,"expDef":1.573,"expWinRate":53.1006},{"IDNum":12033,"expFrag":1.0708,"expDamage":1652.9778,"expSpot":0.9171,"expDef":0.7821,"expWinRate":50.9945},{"IDNum":12049,"expFrag":1.1072,"expDamage":2168.189,"expSpot":0.6666,"expDef":0.4018,"expWinRate":51.501},{"IDNum":12097,"expFrag":0.9957,"expDamage":1347.4069,"expSpot":0.7972,"expDef":0.8243,"expWinRate":52.0951},{"IDNum":12113,"expFrag":0.8844,"expDamage":1204.7417,"expSpot":0.0303,"expDef":0.6809,"expWinRate":51.2932},{"IDNum":12289,"expFrag":0.9581,"expDamage":644.3931,"expSpot":1.9551,"expDef":0.8184,"expWinRate":53.8902},{"IDNum":12305,"expFrag":1.157,"expDamage":2184.6926,"expSpot":1.4514,"expDef":0.7343,"expWinRate":53.9314},{"IDNum":12369,"expFrag":0.8845,"expDamage":1821.3975,"expSpot":0.0314,"expDef":0.646,"expWinRate":51.6732},{"IDNum":12545,"expFrag":1.0375,"expDamage":996.8362,"expSpot":1.7025,"expDef":0.7976,"expWinRate":54.1064},{"IDNum":12561,"expFrag":0.9475,"expDamage":206.9435,"expSpot":2.7857,"expDef":0.8796,"expWinRate":54.3085},{"IDNum":12577,"expFrag":1.239,"expDamage":597.8418,"expSpot":2.1084,"expDef":0.9908,"expWinRate":57.963},{"IDNum":12817,"expFrag":0.8376,"expDamage":134.7816,"expSpot":1.9091,"expDef":0.8265,"expWinRate":52.1176},{"IDNum":12881,"expFrag":0.9759,"expDamage":485.2129,"expSpot":1.3412,"expDef":0.7498,"expWinRate":53.9344},{"IDNum":13073,"expFrag":0.8152,"expDamage":217.2807,"expSpot":1.5852,"expDef":0.9606,"expWinRate":55.6934},{"IDNum":13089,"expFrag":1.1214,"expDamage":2227.2747,"expSpot":0.8242,"expDef":0.5234,"expWinRate":51.4027},{"IDNum":13121,"expFrag":1.1438,"expDamage":302.2425,"expSpot":1.063,"expDef":1.2692,"expWinRate":56.5105},{"IDNum":13137,"expFrag":1.1874,"expDamage":1889.9312,"expSpot":0.6021,"expDef":0.8691,"expWinRate":53.1519},{"IDNum":13313,"expFrag":1.0506,"expDamage":1330.0352,"expSpot":1.4223,"expDef":0.9031,"expWinRate":52.9246},{"IDNum":13329,"expFrag":0.5695,"expDamage":193.7941,"expSpot":0.7153,"expDef":0.5372,"expWinRate":47.4373},{"IDNum":13345,"expFrag":0.9031,"expDamage":1166.7874,"expSpot":0.9604,"expDef":0.9083,"expWinRate":52.3082},{"IDNum":13393,"expFrag":0.9742,"expDamage":532.2651,"expSpot":0.4917,"expDef":1.1761,"expWinRate":52.4931},{"IDNum":13569,"expFrag":1.1861,"expDamage":2256.3684,"expSpot":0.823,"expDef":0.6175,"expWinRate":50.5396},{"IDNum":13585,"expFrag":0.584,"expDamage":195.0877,"expSpot":1.1981,"expDef":0.5599,"expWinRate":51.1448},{"IDNum":13825,"expFrag":1.0627,"expDamage":1886.9785,"expSpot":1.5513,"expDef":0.6912,"expWinRate":51.2317},{"IDNum":13841,"expFrag":0.9798,"expDamage":1295.6285,"expSpot":1.2406,"expDef":1.0131,"expWinRate":53.9854},{"IDNum":13857,"expFrag":1.1517,"expDamage":2294.3926,"expSpot":0.7785,"expDef":0.4955,"expWinRate":53.151},{"IDNum":13889,"expFrag":1.3001,"expDamage":2360.3972,"expSpot":0.9214,"expDef":0.6179,"expWinRate":52.7495},{"IDNum":13905,"expFrag":1.1848,"expDamage":2163.3076,"expSpot":0.4457,"expDef":0.4144,"expWinRate":49.5237},{"IDNum":14097,"expFrag":0.9082,"expDamage":658.2049,"expSpot":1.4998,"expDef":0.8513,"expWinRate":53.6509},{"IDNum":14113,"expFrag":1.1893,"expDamage":2157.6914,"expSpot":1.5138,"expDef":0.766,"expWinRate":53.6361},{"IDNum":14145,"expFrag":0.4163,"expDamage":287.0899,"expSpot":2.8096,"expDef":0.3669,"expWinRate":50.9573},{"IDNum":14161,"expFrag":0.9796,"expDamage":969.2999,"expSpot":0.939,"expDef":1.095,"expWinRate":51.3912},{"IDNum":14337,"expFrag":1.1995,"expDamage":2272.4055,"expSpot":1.0402,"expDef":0.6667,"expWinRate":52.3349},{"IDNum":14353,"expFrag":0.5581,"expDamage":623.2765,"expSpot":2.2903,"expDef":0.4922,"expWinRate":51.2362},{"IDNum":14401,"expFrag":0.9003,"expDamage":1415.5663,"expSpot":0.046,"expDef":0.7896,"expWinRate":50.8725},{"IDNum":14417,"expFrag":1.0076,"expDamage":776.4178,"expSpot":0.926,"expDef":1.0318,"expWinRate":52.3377},{"IDNum":14609,"expFrag":1.2424,"expDamage":2254.5322,"expSpot":1.5907,"expDef":0.9562,"expWinRate":53.9084},{"IDNum":14625,"expFrag":1.0625,"expDamage":1306.8835,"expSpot":1.3256,"expDef":1.0101,"expWinRate":52.9826},{"IDNum":14657,"expFrag":0.7764,"expDamage":299.5846,"expSpot":0.0995,"expDef":1.0374,"expWinRate":51.408},{"IDNum":14673,"expFrag":1.1519,"expDamage":1541.0067,"expSpot":0.8562,"expDef":1.0671,"expWinRate":53.4906},{"IDNum":14865,"expFrag":1.0146,"expDamage":1666.1403,"expSpot":1.3428,"expDef":0.8488,"expWinRate":53.3926},{"IDNum":14881,"expFrag":1.2666,"expDamage":2310.0046,"expSpot":0.868,"expDef":0.6621,"expWinRate":51.9923},{"IDNum":14913,"expFrag":0.7928,"expDamage":326.8345,"expSpot":0.7613,"expDef":0.7764,"expWinRate":51.3079},{"IDNum":15105,"expFrag":0.8866,"expDamage":214.2134,"expSpot":1.1385,"expDef":0.9503,"expWinRate":52.2904},{"IDNum":15121,"expFrag":0.7994,"expDamage":123.4662,"expSpot":0.1843,"expDef":0.7382,"expWinRate":51.8834},{"IDNum":15137,"expFrag":0.4449,"expDamage":381.4576,"expSpot":2.3419,"expDef":0.378,"expWinRate":50.4269},{"IDNum":15169,"expFrag":1.0633,"expDamage":182.9693,"expSpot":0.8789,"expDef":1.2294,"expWinRate":53.6737},{"IDNum":15361,"expFrag":1.0289,"expDamage":175.209,"expSpot":1.2337,"expDef":1.1034,"expWinRate":55.7229},{"IDNum":15377,"expFrag":0.7861,"expDamage":1119.2057,"expSpot":0.0327,"expDef":0.4706,"expWinRate":49.7442},{"IDNum":15393,"expFrag":1.2228,"expDamage":1815.71,"expSpot":1.0283,"expDef":0.7457,"expWinRate":53.1942},{"IDNum":15425,"expFrag":1.2569,"expDamage":2298.4058,"expSpot":1.4451,"expDef":0.8727,"expWinRate":55.4828},{"IDNum":15441,"expFrag":1.026,"expDamage":1423.3383,"expSpot":1.1793,"expDef":0.85,"expWinRate":55.9964},{"IDNum":15617,"expFrag":1.4885,"expDamage":2491.5149,"expSpot":1.6366,"expDef":1.0624,"expWinRate":58.703},{"IDNum":15633,"expFrag":0.9088,"expDamage":342.2321,"expSpot":0.091,"expDef":1.1608,"expWinRate":52.8599},{"IDNum":15649,"expFrag":0.6277,"expDamage":674.6303,"expSpot":2.6466,"expDef":0.5196,"expWinRate":51.826},{"IDNum":15681,"expFrag":1.1625,"expDamage":1872.1881,"expSpot":1.3749,"expDef":0.8755,"expWinRate":55.7395},{"IDNum":15873,"expFrag":0.4979,"expDamage":177.644,"expSpot":1.1579,"expDef":0.6124,"expWinRate":49.8925},{"IDNum":15889,"expFrag":0.9414,"expDamage":713.7064,"expSpot":1.3094,"expDef":0.8413,"expWinRate":52.9805},{"IDNum":15905,"expFrag":1.2994,"expDamage":2420.4929,"expSpot":1.4106,"expDef":0.9517,"expWinRate":56.5225},{"IDNum":15937,"expFrag":1.2254,"expDamage":205.1118,"expSpot":1.0208,"expDef":1.5463,"expWinRate":56.1564},{"IDNum":16129,"expFrag":0.768,"expDamage":863.2232,"expSpot":0.0402,"expDef":0.5836,"expWinRate":49.6349},{"IDNum":16145,"expFrag":0.9207,"expDamage":505.6501,"expSpot":0.6722,"expDef":0.7219,"expWinRate":50.1387},{"IDNum":16161,"expFrag":0.9286,"expDamage":1543.7144,"expSpot":0.039,"expDef":0.6603,"expWinRate":51.6198},{"IDNum":16385,"expFrag":0.7762,"expDamage":431.535,"expSpot":0.0784,"expDef":0.8087,"expWinRate":49.3522},{"IDNum":16401,"expFrag":1.1912,"expDamage":1965.9738,"expSpot":0.6189,"expDef":0.8017,"expWinRate":52.7646},{"IDNum":16417,"expFrag":0.9425,"expDamage":742.7926,"expSpot":0.0691,"expDef":0.9852,"expWinRate":52.1281},{"IDNum":16641,"expFrag":0.4109,"expDamage":287.5041,"expSpot":3.8764,"expDef":0.4141,"expWinRate":51.7069},{"IDNum":16657,"expFrag":1.2727,"expDamage":1703.2529,"expSpot":0.5568,"expDef":0.9675,"expWinRate":53.517},{"IDNum":16673,"expFrag":0.6698,"expDamage":590.3668,"expSpot":2.3802,"expDef":0.649,"expWinRate":53.6384},{"IDNum":16897,"expFrag":1.1747,"expDamage":2089.2959,"expSpot":1.6035,"expDef":0.8216,"expWinRate":52.6134},{"IDNum":16913,"expFrag":1.5052,"expDamage":2476.1531,"expSpot":0.5042,"expDef":0.7067,"expWinRate":51.7582},{"IDNum":17153,"expFrag":1.2367,"expDamage":2116.8228,"expSpot":1.653,"expDef":0.7928,"expWinRate":54.1059},{"IDNum":17169,"expFrag":1.1651,"expDamage":272.8954,"expSpot":1.2783,"expDef":0.8678,"expWinRate":56.0189},{"IDNum":17217,"expFrag":1.3856,"expDamage":2313.4033,"expSpot":2.4529,"expDef":1.0075,"expWinRate":54.1835},{"IDNum":17425,"expFrag":0.7686,"expDamage":301.7737,"expSpot":1.1362,"expDef":0.5503,"expWinRate":52.8675},{"IDNum":17473,"expFrag":1.131,"expDamage":1209.653,"expSpot":2.3421,"expDef":0.9499,"expWinRate":56.7368},{"IDNum":17665,"expFrag":1.1445,"expDamage":1745.3253,"expSpot":1.5649,"expDef":0.8069,"expWinRate":55.7663},{"IDNum":17937,"expFrag":1.1797,"expDamage":393.5527,"expSpot":0.7531,"expDef":0.8319,"expWinRate":55.0598},{"IDNum":17953,"expFrag":0.794,"expDamage":827.2003,"expSpot":2.752,"expDef":0.6665,"expWinRate":53.2439},{"IDNum":18177,"expFrag":0.7875,"expDamage":1068.7928,"expSpot":2.5394,"expDef":0.6005,"expWinRate":53.5571},{"IDNum":18193,"expFrag":0.7297,"expDamage":358.7136,"expSpot":0.9913,"expDef":0.5794,"expWinRate":50.812},{"IDNum":18209,"expFrag":0.6476,"expDamage":941.3801,"expSpot":2.0743,"expDef":0.4897,"expWinRate":51.421},{"IDNum":18433,"expFrag":0.7463,"expDamage":776.0323,"expSpot":3.0326,"expDef":0.6761,"expWinRate":53.4561},{"IDNum":18449,"expFrag":0.7455,"expDamage":988.5287,"expSpot":2.7366,"expDef":0.6171,"expWinRate":53.2918},{"IDNum":18465,"expFrag":0.7735,"expDamage":213.7887,"expSpot":0.1003,"expDef":1.4528,"expWinRate":52.8975},{"IDNum":18689,"expFrag":1.2772,"expDamage":658.8402,"expSpot":1.3036,"expDef":0.8039,"expWinRate":57.5509},{"IDNum":18705,"expFrag":1.1624,"expDamage":2087.3037,"expSpot":0.7257,"expDef":0.5356,"expWinRate":61.3265},{"IDNum":18721,"expFrag":0.9449,"expDamage":376.8892,"expSpot":0.1229,"expDef":1.0307,"expWinRate":54.1447},{"IDNum":18961,"expFrag":0.8248,"expDamage":949.7299,"expSpot":2.0321,"expDef":0.6912,"expWinRate":53.9505},{"IDNum":19201,"expFrag":1.1866,"expDamage":1860.4755,"expSpot":3.1972,"expDef":0.8319,"expWinRate":53.7959},{"IDNum":19217,"expFrag":1.3589,"expDamage":2500.0039,"expSpot":0.716,"expDef":0.5728,"expWinRate":52.6577},{"IDNum":19457,"expFrag":1.454,"expDamage":1156.3486,"expSpot":2.4529,"expDef":1.2527,"expWinRate":58.9767},{"IDNum":19473,"expFrag":1.3312,"expDamage":2662.3376,"expSpot":1.1209,"expDef":0.5498,"expWinRate":60.4793},{"IDNum":19489,"expFrag":1.115,"expDamage":2016.3915,"expSpot":2.5102,"expDef":0.8334,"expWinRate":51.8971},{"IDNum":19729,"expFrag":1.0806,"expDamage":1563.8199,"expSpot":0.8196,"expDef":0.5742,"expWinRate":60.0736},{"IDNum":19985,"expFrag":1.1246,"expDamage":1991.1503,"expSpot":3.0478,"expDef":0.8733,"expWinRate":52.1985},{"IDNum":20241,"expFrag":1.1101,"expDamage":1305.5814,"expSpot":2.659,"expDef":0.7615,"expWinRate":58.5186},{"IDNum":48641,"expFrag":1.2192,"expDamage":1780.5975,"expSpot":1.0198,"expDef":0.6243,"expWinRate":57.3031},{"IDNum":49665,"expFrag":1.2137,"expDamage":1767.932,"expSpot":1.0437,"expDef":0.5922,"expWinRate":57.8967},{"IDNum":49921,"expFrag":1.0635,"expDamage":1138.2814,"expSpot":1.1064,"expDef":0.5714,"expWinRate":53.0271},{"IDNum":50193,"expFrag":1.3245,"expDamage":1838.7201,"expSpot":0.6552,"expDef":0.7443,"expWinRate":56.0089},{"IDNum":50945,"expFrag":1.0893,"expDamage":191.0887,"expSpot":1.2114,"expDef":0.8279,"expWinRate":54.8485},{"IDNum":50961,"expFrag":0.7094,"expDamage":959.4384,"expSpot":2.6283,"expDef":0.5231,"expWinRate":52.8876},{"IDNum":51201,"expFrag":1.0299,"expDamage":472.6107,"expSpot":1.068,"expDef":1.1203,"expWinRate":53.0832},{"IDNum":51457,"expFrag":1.1001,"expDamage":477.0402,"expSpot":1.0365,"expDef":1.1186,"expWinRate":54.1986},{"IDNum":51473,"expFrag":0.9035,"expDamage":555.8816,"expSpot":1.737,"expDef":0.8054,"expWinRate":52.6054},{"IDNum":51489,"expFrag":0.8769,"expDamage":153.5287,"expSpot":2.8429,"expDef":0.8122,"expWinRate":55.4693},{"IDNum":51553,"expFrag":0.9989,"expDamage":529.2397,"expSpot":1.07,"expDef":0.9633,"expWinRate":53.4569},{"IDNum":51569,"expFrag":1.0994,"expDamage":836.453,"expSpot":1.3581,"expDef":0.7742,"expWinRate":55.5899},{"IDNum":51585,"expFrag":1.2594,"expDamage":904.9765,"expSpot":1.0079,"expDef":0.8766,"expWinRate":56.091},{"IDNum":51713,"expFrag":1.0557,"expDamage":515.5807,"expSpot":1.0346,"expDef":1.0623,"expWinRate":52.3518},{"IDNum":51729,"expFrag":1.9272,"expDamage":366.404,"expSpot":1.7379,"expDef":2.4662,"expWinRate":67.6979},{"IDNum":51745,"expFrag":0.9842,"expDamage":460.12,"expSpot":1.3462,"expDef":0.9023,"expWinRate":54.8057},{"IDNum":51841,"expFrag":0.7735,"expDamage":136.829,"expSpot":1.122,"expDef":0.6531,"expWinRate":53.3435},{"IDNum":51985,"expFrag":1.6534,"expDamage":384.0834,"expSpot":1.4655,"expDef":1.5534,"expWinRate":61.085},{"IDNum":52065,"expFrag":0.973,"expDamage":1274.5554,"expSpot":1.1322,"expDef":0.9083,"expWinRate":52.8722},{"IDNum":52097,"expFrag":1.2454,"expDamage":1804.4662,"expSpot":0.5252,"expDef":0.9297,"expWinRate":54.8128},{"IDNum":52225,"expFrag":1.5244,"expDamage":336.0714,"expSpot":2.2072,"expDef":1.2887,"expWinRate":57.9827},{"IDNum":52241,"expFrag":1.854,"expDamage":537.7002,"expSpot":1.6893,"expDef":1.747,"expWinRate":62.6787},{"IDNum":52257,"expFrag":0.9273,"expDamage":415.961,"expSpot":1.5033,"expDef":0.7821,"expWinRate":53.2964},{"IDNum":52321,"expFrag":1.0468,"expDamage":829.5959,"expSpot":0.9951,"expDef":0.7315,"expWinRate":55.3728},{"IDNum":52353,"expFrag":1.0235,"expDamage":1404.844,"expSpot":1.249,"expDef":0.7615,"expWinRate":56.9},{"IDNum":52481,"expFrag":1.3228,"expDamage":367.6663,"expSpot":1.5082,"expDef":1.5184,"expWinRate":55.4447},{"IDNum":52497,"expFrag":2.2836,"expDamage":352.1844,"expSpot":1.8736,"expDef":3.3857,"expWinRate":59.3811},{"IDNum":52513,"expFrag":0.9132,"expDamage":1301.0656,"expSpot":1.1447,"expDef":0.684,"expWinRate":53.0708},{"IDNum":52561,"expFrag":1.1236,"expDamage":1838.17,"expSpot":0.5744,"expDef":0.7829,"expWinRate":53.3637},{"IDNum":52737,"expFrag":0.558,"expDamage":133.6017,"expSpot":1.5393,"expDef":0.6684,"expWinRate":48.6293},{"IDNum":52769,"expFrag":1.0321,"expDamage":248.2696,"expSpot":2.7716,"expDef":1.136,"expWinRate":56.5432},{"IDNum":52817,"expFrag":0.9037,"expDamage":359.7939,"expSpot":1.4208,"expDef":1.1088,"expWinRate":56.604},{"IDNum":52993,"expFrag":1.0425,"expDamage":324.3111,"expSpot":2.8043,"expDef":0.7197,"expWinRate":56.0399},{"IDNum":53249,"expFrag":1.0726,"expDamage":1302.4255,"expSpot":1.0797,"expDef":0.8898,"expWinRate":51.9035},{"IDNum":53505,"expFrag":1.6837,"expDamage":361.2522,"expSpot":1.7018,"expDef":1.6819,"expWinRate":57.8834},{"IDNum":53537,"expFrag":0.7838,"expDamage":138.7353,"expSpot":1.3628,"expDef":0.7009,"expWinRate":52.8539},{"IDNum":53585,"expFrag":1.1185,"expDamage":525.6003,"expSpot":0.7559,"expDef":1.2734,"expWinRate":55.0101},{"IDNum":53761,"expFrag":1.2773,"expDamage":595.6252,"expSpot":0.8223,"expDef":1.2272,"expWinRate":53.353},{"IDNum":53793,"expFrag":0.9855,"expDamage":1259.5597,"expSpot":1.3616,"expDef":0.8716,"expWinRate":53.2446},{"IDNum":53841,"expFrag":1.1494,"expDamage":826.6127,"expSpot":0.5441,"expDef":1.1689,"expWinRate":53.3215},{"IDNum":54017,"expFrag":1.4455,"expDamage":694.9856,"expSpot":1.409,"expDef":1.1799,"expWinRate":60.522},{"IDNum":54033,"expFrag":1.1514,"expDamage":635.9981,"expSpot":1.8446,"expDef":0.8925,"expWinRate":56.6346},{"IDNum":54097,"expFrag":0.9576,"expDamage":965.0321,"expSpot":0.6927,"expDef":1.0092,"expWinRate":52.608},{"IDNum":54273,"expFrag":2.1708,"expDamage":459.5274,"expSpot":1.0369,"expDef":1.5781,"expWinRate":61.1968},{"IDNum":54289,"expFrag":0.8633,"expDamage":1280.2976,"expSpot":0.837,"expDef":0.77,"expWinRate":51.4045},{"IDNum":54353,"expFrag":1.2208,"expDamage":570.3204,"expSpot":1.502,"expDef":0.9627,"expWinRate":55.9615},{"IDNum":54529,"expFrag":1.3273,"expDamage":225.3874,"expSpot":1.4618,"expDef":1.256,"expWinRate":55.1538},{"IDNum":54545,"expFrag":0.9966,"expDamage":500.5538,"expSpot":1.4544,"expDef":0.9038,"expWinRate":54.707},{"IDNum":54609,"expFrag":1.0607,"expDamage":272.6504,"expSpot":0.1241,"expDef":1.4092,"expWinRate":54.5098},{"IDNum":54785,"expFrag":1.1451,"expDamage":848.0338,"expSpot":0.5775,"expDef":0.6702,"expWinRate":53.9396},{"IDNum":54801,"expFrag":1.0046,"expDamage":232.9516,"expSpot":3.1631,"expDef":1.1109,"expWinRate":58.7481},{"IDNum":54865,"expFrag":0.8653,"expDamage":131.1316,"expSpot":1.4301,"expDef":0.7038,"expWinRate":52.2525},{"IDNum":55057,"expFrag":1.2406,"expDamage":603.8171,"expSpot":1.3052,"expDef":1.336,"expWinRate":55.4696},{"IDNum":55073,"expFrag":0.7579,"expDamage":117.5345,"expSpot":1.456,"expDef":0.5898,"expWinRate":52.8043},{"IDNum":55121,"expFrag":0.935,"expDamage":1022.1754,"expSpot":1.041,"expDef":0.8425,"expWinRate":53.9134},{"IDNum":55297,"expFrag":1.2827,"expDamage":1190.1899,"expSpot":0.8165,"expDef":0.8622,"expWinRate":54.7685},{"IDNum":55313,"expFrag":0.9821,"expDamage":1320.8982,"expSpot":0.7682,"expDef":0.9368,"expWinRate":51.7956},{"IDNum":55569,"expFrag":1.3825,"expDamage":1107.001,"expSpot":1.5434,"expDef":1.54,"expWinRate":53.8597},{"IDNum":55633,"expFrag":0.9793,"expDamage":1357.472,"expSpot":1.0448,"expDef":0.9094,"expWinRate":53.8784},{"IDNum":55841,"expFrag":1.2449,"expDamage":2310.7529,"expSpot":1.1672,"expDef":0.8646,"expWinRate":55.8357},{"IDNum":55889,"expFrag":1.2977,"expDamage":884.8014,"expSpot":2.2672,"expDef":1.0106,"expWinRate":59.9364},{"IDNum":56097,"expFrag":1.0492,"expDamage":738.872,"expSpot":1.3521,"expDef":0.9677,"expWinRate":56.0504},{"IDNum":56145,"expFrag":1.1175,"expDamage":864.1785,"expSpot":0.9627,"expDef":0.9879,"expWinRate":55.4004},{"IDNum":56353,"expFrag":1.1295,"expDamage":1205.8368,"expSpot":0.7876,"expDef":1.2813,"expWinRate":53.7853},{"IDNum":56577,"expFrag":1.0228,"expDamage":230.9134,"expSpot":1.2351,"expDef":1.0831,"expWinRate":53.4224},{"IDNum":56609,"expFrag":1.0363,"expDamage":1116.5887,"expSpot":0.8043,"expDef":0.7446,"expWinRate":54.3742},{"IDNum":56833,"expFrag":1.477,"expDamage":1358.1757,"expSpot":1.6778,"expDef":1.088,"expWinRate":59.6126},{"IDNum":56865,"expFrag":1.2407,"expDamage":2347.5068,"expSpot":1.2503,"expDef":0.8955,"expWinRate":56.872},{"IDNum":57105,"expFrag":1.0673,"expDamage":807.2234,"expSpot":0.7564,"expDef":0.889,"expWinRate":52.6535},{"IDNum":57121,"expFrag":1.0408,"expDamage":1407.2509,"expSpot":1.326,"expDef":0.8669,"expWinRate":54.0367},{"IDNum":57361,"expFrag":0.9542,"expDamage":712.7298,"expSpot":1.0319,"expDef":1.0615,"expWinRate":53.2727},{"IDNum":57377,"expFrag":1.0628,"expDamage":1460.6584,"expSpot":1.3612,"expDef":0.8677,"expWinRate":54.3132},{"IDNum":57617,"expFrag":0.924,"expDamage":849.7769,"expSpot":1.2524,"expDef":0.9616,"expWinRate":53.3407},{"IDNum":57633,"expFrag":0.7846,"expDamage":807.6722,"expSpot":3.0515,"expDef":0.6299,"expWinRate":53.9869},{"IDNum":58113,"expFrag":1.0067,"expDamage":719.7612,"expSpot":1.2966,"expDef":0.7922,"expWinRate":56.0194},{"IDNum":58369,"expFrag":1.2869,"expDamage":2540.4648,"expSpot":1.5452,"expDef":0.7152,"expWinRate":58.3775},{"IDNum":58625,"expFrag":0.9336,"expDamage":1255.0085,"expSpot":0.3923,"expDef":0.5939,"expWinRate":48.485},{"IDNum":58641,"expFrag":1.1135,"expDamage":2259.4792,"expSpot":1.1226,"expDef":0.5208,"expWinRate":56.0855},{"IDNum":58881,"expFrag":1.1693,"expDamage":1649.9069,"expSpot":1.1189,"expDef":0.8351,"expWinRate":58.2826},{"IDNum":58913,"expFrag":1.0768,"expDamage":1539.4264,"expSpot":1.3019,"expDef":0.7496,"expWinRate":56.9206},{"IDNum":59137,"expFrag":1.2752,"expDamage":1343.5239,"expSpot":1.1265,"expDef":0.7796,"expWinRate":57.7905},{"IDNum":59393,"expFrag":1.2008,"expDamage":896.4917,"expSpot":1.5381,"expDef":0.9391,"expWinRate":58.2367},{"IDNum":59425,"expFrag":0.8059,"expDamage":1284.6519,"expSpot":0.7701,"expDef":0.496,"expWinRate":51.5593},{"IDNum":59649,"expFrag":1.1846,"expDamage":1131.2684,"expSpot":0.5758,"expDef":0.767,"expWinRate":54.1281},{"IDNum":59665,"expFrag":1.3519,"expDamage":321.6506,"expSpot":1.5783,"expDef":1.0897,"expWinRate":59.7418},{"IDNum":59681,"expFrag":1.3163,"expDamage":963.9219,"expSpot":1.319,"expDef":0.8094,"expWinRate":60.751},{"IDNum":59905,"expFrag":0.9892,"expDamage":1276.4235,"expSpot":1.21,"expDef":0.8069,"expWinRate":53.3547},{"IDNum":60161,"expFrag":1.4202,"expDamage":1035.9023,"expSpot":1.0207,"expDef":1.3367,"expWinRate":64.5881},{"IDNum":60177,"expFrag":0.9648,"expDamage":1285.7979,"expSpot":1.1251,"expDef":0.9091,"expWinRate":53.3093},{"IDNum":60417,"expFrag":0.9955,"expDamage":1405.1611,"expSpot":0.9212,"expDef":0.5834,"expWinRate":54.3096},{"IDNum":60433,"expFrag":0.7568,"expDamage":137.5061,"expSpot":1.7145,"expDef":0.8418,"expWinRate":53.3104},{"IDNum":60689,"expFrag":0.9829,"expDamage":470.5999,"expSpot":0.6268,"expDef":1.0176,"expWinRate":51.2367},{"IDNum":60929,"expFrag":0.8369,"expDamage":208.9684,"expSpot":1.7086,"expDef":0.5835,"expWinRate":53.0385},{"IDNum":60945,"expFrag":1.272,"expDamage":1943.1893,"expSpot":1.4335,"expDef":0.9031,"expWinRate":58.1731},{"IDNum":61185,"expFrag":1.0165,"expDamage":2047.6663,"expSpot":1.2898,"expDef":0.7414,"expWinRate":54.3102},{"IDNum":61441,"expFrag":1.4261,"expDamage":559.8734,"expSpot":1.1144,"expDef":1.1328,"expWinRate":58.7618},{"IDNum":61457,"expFrag":1.1258,"expDamage":563.47,"expSpot":1.3478,"expDef":0.8806,"expWinRate":56.9107},{"IDNum":61697,"expFrag":1.4955,"expDamage":2665.418,"expSpot":1.8142,"expDef":0.9346,"expWinRate":63.5856},{"IDNum":61713,"expFrag":1.1325,"expDamage":1181.9948,"expSpot":0.5448,"expDef":1.1062,"expWinRate":55.0769},{"IDNum":61969,"expFrag":0.9258,"expDamage":1109.6476,"expSpot":0.8389,"expDef":1.2705,"expWinRate":50.3444},{"IDNum":62209,"expFrag":0.9213,"expDamage":1340.0728,"expSpot":0.7496,"expDef":0.6544,"expWinRate":54.4388},{"IDNum":62481,"expFrag":1.1793,"expDamage":1660.048,"expSpot":0.5875,"expDef":0.9616,"expWinRate":54.3368},{"IDNum":62529,"expFrag":1.452,"expDamage":1882.5522,"expSpot":1.0625,"expDef":0.9013,"expWinRate":58.5846},{"IDNum":62737,"expFrag":0.9566,"expDamage":1422.5214,"expSpot":0.6602,"expDef":0.744,"expWinRate":55.7394},{"IDNum":62785,"expFrag":0.9493,"expDamage":1464.5894,"expSpot":1.0125,"expDef":0.5456,"expWinRate":57.8049},{"IDNum":62977,"expFrag":1.0229,"expDamage":1320.8453,"expSpot":1.4223,"expDef":0.7734,"expWinRate":53.5133},{"IDNum":62993,"expFrag":1.169,"expDamage":1303.3434,"expSpot":1.0585,"expDef":0.8488,"expWinRate":58.9013},{"IDNum":63041,"expFrag":1.1673,"expDamage":1623.2086,"expSpot":0.904,"expDef":0.8221,"expWinRate":56.2556},{"IDNum":63233,"expFrag":0.9909,"expDamage":1511.5789,"expSpot":0.9173,"expDef":0.6302,"expWinRate":55.7174},{"IDNum":63249,"expFrag":1.187,"expDamage":617.1342,"expSpot":1.1538,"expDef":1.0255,"expWinRate":56.0716},{"IDNum":63297,"expFrag":0.696,"expDamage":700.6917,"expSpot":2.2202,"expDef":0.6751,"expWinRate":52.1276},{"IDNum":63505,"expFrag":0.4908,"expDamage":146.4512,"expSpot":0.9854,"expDef":0.68,"expWinRate":51.7898},{"IDNum":63537,"expFrag":1.2619,"expDamage":2327.968,"expSpot":1.2714,"expDef":0.8312,"expWinRate":57.4105},{"IDNum":63553,"expFrag":1.0348,"expDamage":1363.0856,"expSpot":1.5096,"expDef":1.0331,"expWinRate":54.1163},{"IDNum":63761,"expFrag":1.1481,"expDamage":1481.3982,"expSpot":1.3315,"expDef":1.1792,"expWinRate":55.5302},{"IDNum":63793,"expFrag":0.9317,"expDamage":1182.4637,"expSpot":1.287,"expDef":0.8145,"expWinRate":53.6833},{"IDNum":63809,"expFrag":0.6196,"expDamage":639.3227,"expSpot":2.1714,"expDef":0.58,"expWinRate":51.4194},{"IDNum":64017,"expFrag":0.7443,"expDamage":923.7478,"expSpot":2.7585,"expDef":0.5637,"expWinRate":52.1108},{"IDNum":64049,"expFrag":1.0012,"expDamage":1242.0592,"expSpot":1.4485,"expDef":0.7428,"expWinRate":53.1419},{"IDNum":64065,"expFrag":1.1444,"expDamage":1470.2394,"expSpot":1.4454,"expDef":1.1639,"expWinRate":55.2621},{"IDNum":64273,"expFrag":1.0079,"expDamage":1351.4543,"expSpot":1.2739,"expDef":0.9206,"expWinRate":55.1131},{"IDNum":64561,"expFrag":0.9715,"expDamage":1308.9456,"expSpot":1.3069,"expDef":0.6301,"expWinRate":54.6548},{"IDNum":64817,"expFrag":0.6498,"expDamage":545.1941,"expSpot":2.7348,"expDef":0.5702,"expWinRate":53.5986}]}