{"data":[{"IDNum":65073,"expDef":0.479,"expFrag":0.873,"expSpot":1.388,"expDamage":1268.281,"expWinRate":52.420},{"IDNum":64817,"expDef":0.751,"expFrag":0.788,"expSpot":2.655,"expDamage":583.250,"expWinRate":52.765},{"IDNum":64769,"expDef":0.472,"expFrag":1.125,"expSpot":0.745,"expDamage":874.056,"expWinRate":55.100},{"IDNum":64561,"expDef":0.650,"expFrag":0.876,"expSpot":1.307,"expDamage":1232.428,"expWinRate":52.987},{"IDNum":64273,"expDef":0.909,"expFrag":0.810,"expSpot":1.255,"expDamage":1128.677,"expWinRate":51.931},{"IDNum":64065,"expDef":1.013,"expFrag":0.896,"expSpot":1.332,"expDamage":1209.652,"expWinRate":51.028},{"IDNum":64049,"expDef":0.734,"expFrag":0.893,"expSpot":1.348,"expDamage":1144.298,"expWinRate":50.941},{"IDNum":64017,"expDef":0.574,"expFrag":0.689,"expSpot":2.720,"expDamage":879.611,"expWinRate":51.948},{"IDNum":63809,"expDef":0.836,"expFrag":0.991,"expSpot":2.880,"expDamage":841.897,"expWinRate":53.764},{"IDNum":63793,"expDef":0.874,"expFrag":0.814,"expSpot":1.283,"expDamage":1074.697,"expWinRate":52.379},{"IDNum":63761,"expDef":1.280,"expFrag":0.888,"expSpot":1.230,"expDamage":1186.490,"expWinRate":52.414},{"IDNum":63553,"expDef":0.942,"expFrag":0.815,"expSpot":1.413,"expDamage":1118.550,"expWinRate":50.861},{"IDNum":63537,"expDef":0.699,"expFrag":0.966,"expSpot":1.248,"expDamage":1853.470,"expWinRate":50.350},{"IDNum":63505,"expDef":1.342,"expFrag":0.797,"expSpot":1.071,"expDamage":229.681,"expWinRate":58.280},{"IDNum":63297,"expDef":0.797,"expFrag":0.774,"expSpot":2.338,"expDamage":720.744,"expWinRate":52.035},{"IDNum":63281,"expDef":0.672,"expFrag":1.083,"expSpot":0.791,"expDamage":1461.758,"expWinRate":53.245},{"IDNum":63249,"expDef":1.129,"expFrag":1.016,"expSpot":1.094,"expDamage":545.270,"expWinRate":54.122},{"IDNum":63233,"expDef":0.641,"expFrag":0.788,"expSpot":0.882,"expDamage":1251.540,"expWinRate":53.339},{"IDNum":63041,"expDef":0.643,"expFrag":0.859,"expSpot":0.843,"expDamage":1273.563,"expWinRate":51.404},{"IDNum":62993,"expDef":0.846,"expFrag":0.955,"expSpot":1.067,"expDamage":1106.556,"expWinRate":54.695},{"IDNum":62977,"expDef":0.724,"expFrag":0.897,"expSpot":1.500,"expDamage":1222.886,"expWinRate":52.296},{"IDNum":62785,"expDef":0.586,"expFrag":0.784,"expSpot":1.001,"expDamage":1272.505,"expWinRate":53.852},{"IDNum":62737,"expDef":0.708,"expFrag":0.854,"expSpot":0.665,"expDamage":1312.221,"expWinRate":53.700},{"IDNum":62529,"expDef":0.687,"expFrag":1.005,"expSpot":1.063,"expDamage":1381.332,"expWinRate":52.091},{"IDNum":62481,"expDef":0.956,"expFrag":0.979,"expSpot":0.555,"expDamage":1396.504,"expWinRate":50.922},{"IDNum":62273,"expDef":0.602,"expFrag":1.079,"expSpot":0.722,"expDamage":1515.191,"expWinRate":53.165},{"IDNum":62209,"expDef":0.804,"expFrag":0.824,"expSpot":0.722,"expDamage":1235.503,"expWinRate":53.940},{"IDNum":61969,"expDef":1.279,"expFrag":0.938,"expSpot":0.833,"expDamage":1180.764,"expWinRate":50.209},{"IDNum":61953,"expDef":0.768,"expFrag":0.871,"expSpot":1.395,"expDamage":1158.261,"expWinRate":51.978},{"IDNum":61761,"expDef":0.743,"expFrag":0.957,"expSpot":0.674,"expDamage":1402.069,"expWinRate":51.892},{"IDNum":61713,"expDef":1.039,"expFrag":1.016,"expSpot":0.553,"expDamage":1054.587,"expWinRate":52.855},{"IDNum":61697,"expDef":0.771,"expFrag":1.041,"expSpot":1.604,"expDamage":1907.160,"expWinRate":53.471},{"IDNum":61505,"expDef":0.887,"expFrag":0.777,"expSpot":3.097,"expDamage":839.293,"expWinRate":53.541},{"IDNum":61457,"expDef":1.024,"expFrag":0.943,"expSpot":1.244,"expDamage":495.058,"expWinRate":54.407},{"IDNum":61441,"expDef":1.021,"expFrag":1.238,"expSpot":1.079,"expDamage":490.415,"expWinRate":56.766},{"IDNum":61185,"expDef":0.697,"expFrag":0.883,"expSpot":1.229,"expDamage":1804.534,"expWinRate":52.198},{"IDNum":60945,"expDef":0.771,"expFrag":0.959,"expSpot":1.280,"expDamage":1528.997,"expWinRate":51.974},{"IDNum":60929,"expDef":0.927,"expFrag":1.042,"expSpot":1.783,"expDamage":257.798,"expWinRate":55.759},{"IDNum":60689,"expDef":1.485,"expFrag":1.097,"expSpot":0.628,"expDamage":533.913,"expWinRate":53.300},{"IDNum":60433,"expDef":1.450,"expFrag":1.215,"expSpot":1.853,"expDamage":221.273,"expWinRate":58.520},{"IDNum":60417,"expDef":0.647,"expFrag":0.871,"expSpot":0.925,"expDamage":1261.824,"expWinRate":52.847},{"IDNum":60193,"expDef":0.384,"expFrag":0.818,"expSpot":1.248,"expDamage":1327.254,"expWinRate":53.872},{"IDNum":60177,"expDef":0.892,"expFrag":0.808,"expSpot":1.086,"expDamage":1113.309,"expWinRate":51.001},{"IDNum":60161,"expDef":1.107,"expFrag":1.158,"expSpot":1.045,"expDamage":880.598,"expWinRate":58.357},{"IDNum":59937,"expDef":0.706,"expFrag":1.039,"expSpot":1.227,"expDamage":1072.994,"expWinRate":55.951},{"IDNum":59905,"expDef":0.783,"expFrag":0.852,"expSpot":1.195,"expDamage":1145.288,"expWinRate":52.089},{"IDNum":59681,"expDef":0.809,"expFrag":0.972,"expSpot":1.196,"expDamage":752.510,"expWinRate":55.086},{"IDNum":59665,"expDef":1.100,"expFrag":1.269,"expSpot":1.370,"expDamage":322.802,"expWinRate":56.883},{"IDNum":59649,"expDef":0.819,"expFrag":1.113,"expSpot":0.596,"expDamage":1060.028,"expWinRate":53.010},{"IDNum":59425,"expDef":0.582,"expFrag":0.750,"expSpot":0.820,"expDamage":1249.056,"expWinRate":51.696},{"IDNum":59393,"expDef":0.913,"expFrag":1.022,"expSpot":1.468,"expDamage":791.100,"expWinRate":54.869},{"IDNum":59169,"expDef":0.733,"expFrag":0.825,"expSpot":1.246,"expDamage":1237.695,"expWinRate":53.378},{"IDNum":59137,"expDef":0.723,"expFrag":1.066,"expSpot":1.084,"expDamage":1141.643,"expWinRate":54.665},{"IDNum":58913,"expDef":0.693,"expFrag":0.812,"expSpot":1.227,"expDamage":1239.772,"expWinRate":53.140},{"IDNum":58881,"expDef":0.662,"expFrag":0.900,"expSpot":1.041,"expDamage":1306.946,"expWinRate":53.829},{"IDNum":58657,"expDef":0.479,"expFrag":0.782,"expSpot":1.218,"expDamage":1288.029,"expWinRate":53.130},{"IDNum":58641,"expDef":0.445,"expFrag":0.932,"expSpot":1.035,"expDamage":1955.450,"expWinRate":51.367},{"IDNum":58625,"expDef":0.545,"expFrag":0.930,"expSpot":0.429,"expDamage":1292.738,"expWinRate":50.766},{"IDNum":58369,"expDef":0.546,"expFrag":0.879,"expSpot":1.456,"expDamage":1935.504,"expWinRate":49.747},{"IDNum":58113,"expDef":0.757,"expFrag":1.069,"expSpot":1.317,"expDamage":831.148,"expWinRate":54.871},{"IDNum":57889,"expDef":0.763,"expFrag":0.704,"expSpot":3.065,"expDamage":810.916,"expWinRate":52.632},{"IDNum":57681,"expDef":1.031,"expFrag":1.191,"expSpot":0.839,"expDamage":915.935,"expWinRate":55.154},{"IDNum":57633,"expDef":0.709,"expFrag":0.676,"expSpot":2.730,"expDamage":699.567,"expWinRate":52.351},{"IDNum":57617,"expDef":1.075,"expFrag":0.981,"expSpot":1.313,"expDamage":905.593,"expWinRate":53.415},{"IDNum":57425,"expDef":0.601,"expFrag":0.950,"expSpot":0.921,"expDamage":1416.781,"expWinRate":54.622},{"IDNum":57377,"expDef":0.741,"expFrag":0.790,"expSpot":1.312,"expDamage":1145.691,"expWinRate":51.194},{"IDNum":57361,"expDef":1.190,"expFrag":0.924,"expSpot":1.032,"expDamage":714.566,"expWinRate":52.843},{"IDNum":57169,"expDef":0.729,"expFrag":1.021,"expSpot":1.007,"expDamage":813.863,"expWinRate":53.830},{"IDNum":57121,"expDef":0.868,"expFrag":0.815,"expSpot":1.246,"expDamage":1145.579,"expWinRate":52.005},{"IDNum":57105,"expDef":0.977,"expFrag":1.028,"expSpot":0.715,"expDamage":798.531,"expWinRate":52.313},{"IDNum":56913,"expDef":0.617,"expFrag":0.793,"expSpot":1.349,"expDamage":1196.363,"expWinRate":52.865},{"IDNum":56865,"expDef":0.879,"expFrag":0.964,"expSpot":1.199,"expDamage":1870.622,"expWinRate":51.605},{"IDNum":56833,"expDef":0.886,"expFrag":1.156,"expSpot":1.517,"expDamage":1098.459,"expWinRate":54.514},{"IDNum":56657,"expDef":0.565,"expFrag":0.800,"expSpot":1.154,"expDamage":1284.238,"expWinRate":52.215},{"IDNum":56609,"expDef":0.806,"expFrag":0.945,"expSpot":0.785,"expDamage":1021.118,"expWinRate":53.690},{"IDNum":56577,"expDef":1.530,"expFrag":1.190,"expSpot":1.307,"expDamage":273.575,"expWinRate":55.820},{"IDNum":56353,"expDef":1.195,"expFrag":0.985,"expSpot":0.729,"expDamage":1047.576,"expWinRate":52.282},{"IDNum":56145,"expDef":1.008,"expFrag":0.966,"expSpot":0.970,"expDamage":779.362,"expWinRate":53.604},{"IDNum":56097,"expDef":1.022,"expFrag":0.952,"expSpot":1.284,"expDamage":696.329,"expWinRate":54.386},{"IDNum":55889,"expDef":0.960,"expFrag":1.074,"expSpot":2.202,"expDamage":759.792,"expWinRate":55.794},{"IDNum":55841,"expDef":0.648,"expFrag":1.040,"expSpot":1.277,"expDamage":2018.141,"expWinRate":49.625},{"IDNum":55633,"expDef":0.790,"expFrag":0.793,"expSpot":1.188,"expDamage":1158.349,"expWinRate":51.695},{"IDNum":55569,"expDef":1.515,"expFrag":1.235,"expSpot":1.421,"expDamage":1014.799,"expWinRate":51.783},{"IDNum":55313,"expDef":1.050,"expFrag":0.915,"expSpot":0.768,"expDamage":1253.933,"expWinRate":51.118},{"IDNum":55297,"expDef":0.883,"expFrag":1.143,"expSpot":0.765,"expDamage":1072.648,"expWinRate":52.915},{"IDNum":55121,"expDef":1.036,"expFrag":0.905,"expSpot":1.071,"expDamage":1002.470,"expWinRate":53.735},{"IDNum":55073,"expDef":1.242,"expFrag":1.327,"expSpot":1.624,"expDamage":201.193,"expWinRate":57.391},{"IDNum":55057,"expDef":1.247,"expFrag":1.062,"expSpot":1.221,"expDamage":535.597,"expWinRate":52.677},{"IDNum":54865,"expDef":1.233,"expFrag":1.345,"expSpot":1.581,"expDamage":202.587,"expWinRate":56.446},{"IDNum":54801,"expDef":1.527,"expFrag":1.104,"expSpot":2.755,"expDamage":268.654,"expWinRate":59.023},{"IDNum":54785,"expDef":0.751,"expFrag":1.084,"expSpot":0.562,"expDamage":814.764,"expWinRate":53.469},{"IDNum":54609,"expDef":1.607,"expFrag":1.175,"expSpot":0.125,"expDamage":306.719,"expWinRate":56.324},{"IDNum":54545,"expDef":1.109,"expFrag":1.006,"expSpot":1.527,"expDamage":524.991,"expWinRate":54.813},{"IDNum":54529,"expDef":1.482,"expFrag":1.379,"expSpot":1.396,"expDamage":244.995,"expWinRate":56.351},{"IDNum":54353,"expDef":1.162,"expFrag":1.242,"expSpot":1.565,"expDamage":607.671,"expWinRate":56.771},{"IDNum":54289,"expDef":0.822,"expFrag":0.799,"expSpot":0.868,"expDamage":1267.156,"expWinRate":51.811},{"IDNum":54273,"expDef":1.494,"expFrag":1.874,"expSpot":0.945,"expDamage":410.117,"expWinRate":58.569},{"IDNum":54097,"expDef":1.194,"expFrag":1.011,"expSpot":0.761,"expDamage":995.275,"expWinRate":53.871},{"IDNum":54033,"expDef":0.829,"expFrag":1.164,"expSpot":1.871,"expDamage":617.663,"expWinRate":55.574},{"IDNum":54017,"expDef":1.171,"expFrag":1.297,"expSpot":1.379,"expDamage":644.051,"expWinRate":58.714},{"IDNum":53841,"expDef":1.246,"expFrag":1.062,"expSpot":0.576,"expDamage":823.758,"expWinRate":52.767},{"IDNum":53793,"expDef":0.897,"expFrag":0.854,"expSpot":1.303,"expDamage":1140.404,"expWinRate":51.931},{"IDNum":53761,"expDef":1.359,"expFrag":1.227,"expSpot":0.815,"expDamage":590.254,"expWinRate":53.210},{"IDNum":53585,"expDef":1.408,"expFrag":1.088,"expSpot":0.783,"expDamage":530.903,"expWinRate":54.618},{"IDNum":53537,"expDef":1.204,"expFrag":1.175,"expSpot":1.507,"expDamage":208.801,"expWinRate":58.213},{"IDNum":53505,"expDef":1.680,"expFrag":1.472,"expSpot":1.603,"expDamage":334.358,"expWinRate":55.792},{"IDNum":53249,"expDef":0.913,"expFrag":0.966,"expSpot":1.076,"expDamage":1244.478,"expWinRate":51.394},{"IDNum":52993,"expDef":0.948,"expFrag":1.098,"expSpot":2.415,"expDamage":363.021,"expWinRate":55.652},{"IDNum":52833,"expDef":0.627,"expFrag":0.766,"expSpot":1.815,"expDamage":1077.453,"expWinRate":52.394},{"IDNum":52817,"expDef":1.331,"expFrag":0.925,"expSpot":1.379,"expDamage":364.061,"expWinRate":56.660},{"IDNum":52769,"expDef":1.521,"expFrag":1.111,"expSpot":2.502,"expDamage":279.388,"expWinRate":57.454},{"IDNum":52737,"expDef":1.565,"expFrag":1.052,"expSpot":1.607,"expDamage":253.926,"expWinRate":54.766},{"IDNum":52609,"expDef":0.624,"expFrag":0.747,"expSpot":1.283,"expDamage":1135.322,"expWinRate":52.422},{"IDNum":52577,"expDef":0.507,"expFrag":0.758,"expSpot":1.433,"expDamage":1248.390,"expWinRate":53.316},{"IDNum":52561,"expDef":0.820,"expFrag":1.010,"expSpot":0.566,"expDamage":1700.756,"expWinRate":51.630},{"IDNum":52513,"expDef":0.673,"expFrag":0.811,"expSpot":1.141,"expDamage":1231.506,"expWinRate":51.287},{"IDNum":52497,"expDef":2.779,"expFrag":1.870,"expSpot":1.666,"expDamage":307.691,"expWinRate":55.454},{"IDNum":52481,"expDef":1.660,"expFrag":1.277,"expSpot":1.470,"expDamage":377.305,"expWinRate":54.494},{"IDNum":52353,"expDef":0.983,"expFrag":0.851,"expSpot":1.199,"expDamage":1179.934,"expWinRate":52.386},{"IDNum":52321,"expDef":0.797,"expFrag":0.973,"expSpot":1.022,"expDamage":808.117,"expWinRate":54.513},{"IDNum":52257,"expDef":1.034,"expFrag":1.017,"expSpot":1.598,"expDamage":474.468,"expWinRate":54.838},{"IDNum":52241,"expDef":1.636,"expFrag":1.602,"expSpot":1.583,"expDamage":488.857,"expWinRate":57.478},{"IDNum":52225,"expDef":1.289,"expFrag":1.304,"expSpot":2.135,"expDamage":307.675,"expWinRate":56.380},{"IDNum":52097,"expDef":0.793,"expFrag":0.983,"expSpot":0.491,"expDamage":1501.577,"expWinRate":51.645},{"IDNum":52065,"expDef":0.881,"expFrag":0.810,"expSpot":1.130,"expDamage":1121.245,"expWinRate":51.081},{"IDNum":52001,"expDef":1.209,"expFrag":1.093,"expSpot":1.627,"expDamage":306.063,"expWinRate":55.515},{"IDNum":51985,"expDef":1.532,"expFrag":1.449,"expSpot":1.367,"expDamage":355.307,"expWinRate":58.985},{"IDNum":51841,"expDef":1.035,"expFrag":1.156,"expSpot":1.398,"expDamage":205.251,"expWinRate":57.660},{"IDNum":51745,"expDef":1.108,"expFrag":1.039,"expSpot":1.381,"expDamage":506.497,"expWinRate":55.976},{"IDNum":51729,"expDef":2.196,"expFrag":1.642,"expSpot":1.483,"expDamage":329.149,"expWinRate":63.536},{"IDNum":51713,"expDef":1.314,"expFrag":1.171,"expSpot":1.161,"expDamage":596.461,"expWinRate":55.086},{"IDNum":51585,"expDef":0.874,"expFrag":1.045,"expSpot":0.988,"expDamage":787.561,"expWinRate":53.443},{"IDNum":51569,"expDef":0.805,"expFrag":0.950,"expSpot":1.341,"expDamage":745.312,"expWinRate":52.979},{"IDNum":51553,"expDef":1.089,"expFrag":0.939,"expSpot":1.061,"expDamage":515.655,"expWinRate":52.960},{"IDNum":51489,"expDef":1.212,"expFrag":1.288,"expSpot":2.419,"expDamage":222.451,"expWinRate":56.773},{"IDNum":51473,"expDef":0.898,"expFrag":0.942,"expSpot":1.705,"expDamage":574.423,"expWinRate":52.911},{"IDNum":51457,"expDef":1.303,"expFrag":1.165,"expSpot":1.097,"expDamage":529.497,"expWinRate":55.653},{"IDNum":51361,"expDef":0.660,"expFrag":0.982,"expSpot":1.280,"expDamage":1340.261,"expWinRate":51.648},{"IDNum":51201,"expDef":1.263,"expFrag":1.255,"expSpot":1.288,"expDamage":605.932,"expWinRate":57.917},{"IDNum":50961,"expDef":0.599,"expFrag":0.655,"expSpot":2.526,"expDamage":862.810,"expWinRate":51.386},{"IDNum":50945,"expDef":1.208,"expFrag":1.259,"expSpot":1.186,"expDamage":226.471,"expWinRate":57.189},{"IDNum":50193,"expDef":0.633,"expFrag":1.007,"expSpot":0.566,"expDamage":1454.112,"expWinRate":51.296},{"IDNum":49937,"expDef":0.828,"expFrag":0.785,"expSpot":1.279,"expDamage":1099.892,"expWinRate":51.494},{"IDNum":49921,"expDef":0.581,"expFrag":0.969,"expSpot":1.136,"expDamage":1064.756,"expWinRate":53.484},{"IDNum":49665,"expDef":0.513,"expFrag":0.918,"expSpot":0.981,"expDamage":1423.955,"expWinRate":53.995},{"IDNum":49409,"expDef":0.642,"expFrag":0.982,"expSpot":1.090,"expDamage":1320.848,"expWinRate":52.954},{"IDNum":49169,"expDef":0.625,"expFrag":0.947,"expSpot":1.010,"expDamage":824.618,"expWinRate":54.513},{"IDNum":48913,"expDef":0.500,"expFrag":0.830,"expSpot":0.759,"expDamage":1314.772,"expWinRate":52.277},{"IDNum":48897,"expDef":0.633,"expFrag":0.911,"expSpot":1.592,"expDamage":1250.195,"expWinRate":53.005},{"IDNum":48641,"expDef":0.507,"expFrag":0.922,"expSpot":0.983,"expDamage":1438.574,"expWinRate":53.666},{"IDNum":48145,"expDef":0.531,"expFrag":0.833,"expSpot":0.754,"expDamage":1301.378,"expWinRate":53.590},{"IDNum":48129,"expDef":0.755,"expFrag":0.937,"expSpot":1.204,"expDamage":714.427,"expWinRate":54.096},{"IDNum":47873,"expDef":0.880,"expFrag":1.210,"expSpot":1.190,"expDamage":321.351,"expWinRate":56.101},{"IDNum":47617,"expDef":0.606,"expFrag":0.849,"expSpot":0.990,"expDamage":1275.266,"expWinRate":52.003},{"IDNum":47361,"expDef":0.592,"expFrag":0.856,"expSpot":0.992,"expDamage":1277.485,"expWinRate":52.072},{"IDNum":47105,"expDef":0.738,"expFrag":0.951,"expSpot":1.323,"expDamage":530.994,"expWinRate":54.800},{"IDNum":46849,"expDef":0.406,"expFrag":0.924,"expSpot":1.165,"expDamage":2120.189,"expWinRate":53.169},{"IDNum":46593,"expDef":0.336,"expFrag":1.203,"expSpot":1.159,"expDamage":1210.919,"expWinRate":57.048},{"IDNum":45569,"expDef":0.634,"expFrag":0.836,"expSpot":3.163,"expDamage":967.602,"expWinRate":57.927},{"IDNum":22017,"expDef":0.410,"expFrag":0.947,"expSpot":1.475,"expDamage":2083.456,"expWinRate":50.015},{"IDNum":21761,"expDef":0.631,"expFrag":1.043,"expSpot":1.266,"expDamage":1916.800,"expWinRate":49.399},{"IDNum":21505,"expDef":0.627,"expFrag":1.101,"expSpot":1.347,"expDamage":1802.323,"expWinRate":53.125},{"IDNum":21249,"expDef":0.583,"expFrag":1.033,"expSpot":0.839,"expDamage":1765.151,"expWinRate":52.532},{"IDNum":20993,"expDef":0.355,"expFrag":0.951,"expSpot":1.077,"expDamage":2078.175,"expWinRate":50.999},{"IDNum":20737,"expDef":0.456,"expFrag":0.919,"expSpot":0.964,"expDamage":1701.174,"expWinRate":52.808},{"IDNum":20481,"expDef":0.499,"expFrag":0.816,"expSpot":0.832,"expDamage":1278.651,"expWinRate":52.617},{"IDNum":20241,"expDef":0.678,"expFrag":0.716,"expSpot":2.688,"expDamage":878.650,"expWinRate":52.438},{"IDNum":20225,"expDef":0.433,"expFrag":1.092,"expSpot":1.268,"expDamage":2261.494,"expWinRate":52.939},{"IDNum":19985,"expDef":0.629,"expFrag":0.732,"expSpot":3.015,"expDamage":1311.143,"expWinRate":47.795},{"IDNum":19969,"expDef":0.537,"expFrag":1.065,"expSpot":1.419,"expDamage":2081.703,"expWinRate":51.081},{"IDNum":19745,"expDef":0.726,"expFrag":0.809,"expSpot":2.844,"expDamage":710.984,"expWinRate":52.473},{"IDNum":19729,"expDef":0.558,"expFrag":0.857,"expSpot":0.777,"expDamage":1316.423,"expWinRate":54.333},{"IDNum":19713,"expDef":0.540,"expFrag":0.932,"expSpot":1.098,"expDamage":1691.443,"expWinRate":53.121},{"IDNum":19489,"expDef":0.561,"expFrag":0.784,"expSpot":2.677,"expDamage":1422.416,"expWinRate":48.334},{"IDNum":19473,"expDef":0.440,"expFrag":0.925,"expSpot":1.023,"expDamage":2053.887,"expWinRate":51.390},{"IDNum":19457,"expDef":0.772,"expFrag":0.890,"expSpot":2.289,"expDamage":765.601,"expWinRate":52.752},{"IDNum":19217,"expDef":0.571,"expFrag":1.088,"expSpot":0.611,"expDamage":2095.387,"expWinRate":48.967},{"IDNum":19201,"expDef":0.702,"expFrag":0.818,"expSpot":3.218,"expDamage":1311.655,"expWinRate":49.836},{"IDNum":18961,"expDef":0.686,"expFrag":0.692,"expSpot":1.973,"expDamage":792.387,"expWinRate":51.717},{"IDNum":18721,"expDef":1.284,"expFrag":0.991,"expSpot":0.110,"expDamage":401.659,"expWinRate":54.758},{"IDNum":18705,"expDef":0.507,"expFrag":0.920,"expSpot":0.724,"expDamage":1697.988,"expWinRate":52.986},{"IDNum":18689,"expDef":0.957,"expFrag":1.178,"expSpot":1.269,"expDamage":633.228,"expWinRate":56.653},{"IDNum":18465,"expDef":1.813,"expFrag":1.035,"expSpot":0.108,"expDamage":279.772,"expWinRate":56.361},{"IDNum":18449,"expDef":0.689,"expFrag":0.688,"expSpot":2.566,"expDamage":984.479,"expWinRate":50.995},{"IDNum":18433,"expDef":0.800,"expFrag":0.710,"expSpot":2.656,"expDamage":788.578,"expWinRate":52.533},{"IDNum":18209,"expDef":0.600,"expFrag":0.675,"expSpot":2.211,"expDamage":1007.031,"expWinRate":50.442},{"IDNum":18193,"expDef":0.936,"expFrag":1.028,"expSpot":1.210,"expDamage":509.833,"expWinRate":54.537},{"IDNum":18177,"expDef":0.630,"expFrag":0.714,"expSpot":2.474,"expDamage":1033.649,"expWinRate":50.815},{"IDNum":17953,"expDef":0.758,"expFrag":0.728,"expSpot":2.505,"expDamage":788.820,"expWinRate":51.945},{"IDNum":17937,"expDef":1.217,"expFrag":1.314,"expSpot":0.792,"expDamage":451.944,"expWinRate":56.843},{"IDNum":17729,"expDef":0.578,"expFrag":1.174,"expSpot":0.719,"expDamage":2056.363,"expWinRate":50.820},{"IDNum":17665,"expDef":0.743,"expFrag":0.944,"expSpot":1.368,"expDamage":1495.776,"expWinRate":51.494},{"IDNum":17473,"expDef":0.739,"expFrag":0.752,"expSpot":2.495,"expDamage":849.020,"expWinRate":51.942},{"IDNum":17425,"expDef":0.938,"expFrag":0.998,"expSpot":1.288,"expDamage":397.511,"expWinRate":55.989},{"IDNum":17217,"expDef":0.609,"expFrag":0.909,"expSpot":2.591,"expDamage":1488.354,"expWinRate":48.519},{"IDNum":17169,"expDef":1.083,"expFrag":1.282,"expSpot":1.280,"expDamage":307.845,"expWinRate":57.550},{"IDNum":17153,"expDef":0.759,"expFrag":1.012,"expSpot":1.458,"expDamage":1814.797,"expWinRate":49.059},{"IDNum":16961,"expDef":0.500,"expFrag":0.862,"expSpot":1.213,"expDamage":1962.321,"expWinRate":49.399},{"IDNum":16913,"expDef":0.713,"expFrag":1.259,"expSpot":0.468,"expDamage":2154.851,"expWinRate":48.741},{"IDNum":16897,"expDef":0.770,"expFrag":0.980,"expSpot":1.440,"expDamage":1829.192,"expWinRate":48.696},{"IDNum":16705,"expDef":0.531,"expFrag":0.956,"expSpot":1.145,"expDamage":1809.193,"expWinRate":53.072},{"IDNum":16673,"expDef":0.706,"expFrag":0.610,"expSpot":2.231,"expDamage":537.722,"expWinRate":52.452},{"IDNum":16657,"expDef":0.935,"expFrag":1.084,"expSpot":0.471,"expDamage":1488.787,"expWinRate":50.987},{"IDNum":16641,"expDef":0.761,"expFrag":0.666,"expSpot":2.633,"expDamage":475.219,"expWinRate":52.724},{"IDNum":16449,"expDef":0.610,"expFrag":0.752,"expSpot":0.715,"expDamage":1205.408,"expWinRate":51.779},{"IDNum":16417,"expDef":1.304,"expFrag":1.014,"expSpot":0.062,"expDamage":810.903,"expWinRate":53.559},{"IDNum":16401,"expDef":0.811,"expFrag":1.032,"expSpot":0.527,"expDamage":1744.892,"expWinRate":50.222},{"IDNum":16385,"expDef":1.216,"expFrag":1.028,"expSpot":0.081,"expDamage":580.981,"expWinRate":53.459},{"IDNum":16161,"expDef":0.848,"expFrag":0.867,"expSpot":0.033,"expDamage":1478.772,"expWinRate":50.695},{"IDNum":16145,"expDef":1.056,"expFrag":1.054,"expSpot":0.658,"expDamage":591.641,"expWinRate":52.470},{"IDNum":16129,"expDef":0.862,"expFrag":0.879,"expSpot":0.038,"expDamage":980.002,"expWinRate":51.695},{"IDNum":15953,"expDef":0.588,"expFrag":1.002,"expSpot":0.716,"expDamage":2071.053,"expWinRate":51.271},{"IDNum":15937,"expDef":1.967,"expFrag":1.378,"expSpot":0.942,"expDamage":231.576,"expWinRate":59.079},{"IDNum":15905,"expDef":0.732,"expFrag":0.977,"expSpot":1.278,"expDamage":1914.109,"expWinRate":48.693},{"IDNum":15889,"expDef":1.007,"expFrag":0.939,"expSpot":1.308,"expDamage":720.250,"expWinRate":53.425},{"IDNum":15873,"expDef":1.293,"expFrag":0.928,"expSpot":1.482,"expDamage":333.891,"expWinRate":55.659},{"IDNum":15697,"expDef":0.521,"expFrag":0.923,"expSpot":1.029,"expDamage":2068.989,"expWinRate":49.223},{"IDNum":15681,"expDef":0.774,"expFrag":0.937,"expSpot":1.313,"expDamage":1572.145,"expWinRate":51.341},{"IDNum":15649,"expDef":0.662,"expFrag":0.713,"expSpot":2.348,"expDamage":719.051,"expWinRate":51.443},{"IDNum":15633,"expDef":1.534,"expFrag":1.060,"expSpot":0.090,"expDamage":417.066,"expWinRate":54.946},{"IDNum":15617,"expDef":0.801,"expFrag":1.141,"expSpot":1.535,"expDamage":1986.459,"expWinRate":51.691},{"IDNum":15441,"expDef":0.795,"expFrag":0.796,"expSpot":1.091,"expDamage":1144.989,"expWinRate":52.513},{"IDNum":15425,"expDef":0.754,"expFrag":0.943,"expSpot":1.359,"expDamage":1824.442,"expWinRate":49.204},{"IDNum":15393,"expDef":0.737,"expFrag":1.045,"expSpot":0.945,"expDamage":1606.642,"expWinRate":50.453},{"IDNum":15377,"expDef":0.725,"expFrag":0.830,"expSpot":0.029,"expDamage":1202.733,"expWinRate":50.963},{"IDNum":15361,"expDef":1.669,"expFrag":1.313,"expSpot":1.298,"expDamage":230.344,"expWinRate":59.008},{"IDNum":15169,"expDef":1.697,"expFrag":1.293,"expSpot":0.834,"expDamage":224.071,"expWinRate":57.949},{"IDNum":15137,"expDef":0.661,"expFrag":0.599,"expSpot":2.110,"expDamage":499.408,"expWinRate":52.495},{"IDNum":15121,"expDef":1.031,"expFrag":1.168,"expSpot":0.149,"expDamage":184.546,"expWinRate":56.080},{"IDNum":15105,"expDef":1.496,"expFrag":1.215,"expSpot":1.321,"expDamage":300.558,"expWinRate":56.733},{"IDNum":14913,"expDef":1.169,"expFrag":0.937,"expSpot":0.877,"expDamage":386.934,"expWinRate":55.101},{"IDNum":14881,"expDef":0.597,"expFrag":1.038,"expSpot":0.835,"expDamage":2010.356,"expWinRate":48.608},{"IDNum":14865,"expDef":0.843,"expFrag":0.900,"expSpot":1.192,"expDamage":1518.357,"expWinRate":50.566},{"IDNum":14673,"expDef":0.930,"expFrag":0.959,"expSpot":0.744,"expDamage":1356.616,"expWinRate":51.090},{"IDNum":14657,"expDef":1.495,"expFrag":0.979,"expSpot":0.098,"expDamage":391.339,"expWinRate":54.608},{"IDNum":14625,"expDef":0.999,"expFrag":0.911,"expSpot":1.245,"expDamage":1163.269,"expWinRate":50.945},{"IDNum":14609,"expDef":0.835,"expFrag":0.961,"expSpot":1.350,"expDamage":1836.417,"expWinRate":48.444},{"IDNum":14417,"expDef":1.146,"expFrag":0.987,"expSpot":0.857,"expDamage":771.619,"expWinRate":52.954},{"IDNum":14401,"expDef":0.926,"expFrag":0.863,"expSpot":0.039,"expDamage":1399.551,"expWinRate":50.571},{"IDNum":14353,"expDef":0.671,"expFrag":0.593,"expSpot":1.969,"expDamage":667.432,"expWinRate":51.582},{"IDNum":14337,"expDef":0.672,"expFrag":1.038,"expSpot":0.901,"expDamage":2019.474,"expWinRate":49.068},{"IDNum":14161,"expDef":1.014,"expFrag":1.025,"expSpot":0.822,"expDamage":1059.190,"expWinRate":52.863},{"IDNum":14145,"expDef":0.733,"expFrag":0.607,"expSpot":2.412,"expDamage":413.397,"expWinRate":53.285},{"IDNum":14113,"expDef":0.673,"expFrag":0.960,"expSpot":1.321,"expDamage":1889.804,"expWinRate":49.084},{"IDNum":14097,"expDef":1.077,"expFrag":0.958,"expSpot":1.551,"expDamage":706.920,"expWinRate":54.584},{"IDNum":13905,"expDef":0.388,"expFrag":1.127,"expSpot":0.422,"expDamage":2142.286,"expWinRate":49.620},{"IDNum":13889,"expDef":0.608,"expFrag":1.106,"expSpot":0.810,"expDamage":2073.032,"expWinRate":49.592},{"IDNum":13857,"expDef":0.494,"expFrag":1.016,"expSpot":0.727,"expDamage":2082.801,"expWinRate":50.710},{"IDNum":13841,"expDef":0.977,"expFrag":0.815,"expSpot":1.163,"expDamage":1129.175,"expWinRate":51.331},{"IDNum":13825,"expDef":0.731,"expFrag":0.946,"expSpot":1.398,"expDamage":1773.092,"expWinRate":48.604},{"IDNum":13585,"expDef":1.251,"expFrag":1.062,"expSpot":1.558,"expDamage":368.923,"expWinRate":57.369},{"IDNum":13569,"expDef":0.634,"expFrag":1.047,"expSpot":0.745,"expDamage":2061.370,"expWinRate":48.418},{"IDNum":13393,"expDef":1.454,"expFrag":1.051,"expSpot":0.511,"expDamage":589.955,"expWinRate":54.147},{"IDNum":13345,"expDef":0.957,"expFrag":0.844,"expSpot":0.993,"expDamage":1138.902,"expWinRate":51.261},{"IDNum":13329,"expDef":1.270,"expFrag":1.163,"expSpot":1.022,"expDamage":406.240,"expWinRate":55.746},{"IDNum":13313,"expDef":0.872,"expFrag":0.879,"expSpot":1.229,"expDamage":1162.562,"expWinRate":50.414},{"IDNum":13137,"expDef":0.757,"expFrag":1.022,"expSpot":0.559,"expDamage":1695.614,"expWinRate":50.289},{"IDNum":13121,"expDef":1.466,"expFrag":1.229,"expSpot":1.065,"expDamage":324.134,"expWinRate":58.329},{"IDNum":13089,"expDef":0.526,"expFrag":0.994,"expSpot":0.776,"expDamage":2044.487,"expWinRate":49.262},{"IDNum":13073,"expDef":1.386,"expFrag":1.003,"expSpot":1.614,"expDamage":278.669,"expWinRate":58.286},{"IDNum":12881,"expDef":0.941,"expFrag":0.993,"expSpot":1.360,"expDamage":503.264,"expWinRate":54.721},{"IDNum":12817,"expDef":1.299,"expFrag":1.277,"expSpot":2.042,"expDamage":207.944,"expWinRate":58.253},{"IDNum":12577,"expDef":0.982,"expFrag":0.993,"expSpot":1.763,"expDamage":505.424,"expWinRate":56.028},{"IDNum":12561,"expDef":1.302,"expFrag":1.166,"expSpot":2.663,"expDamage":262.709,"expWinRate":56.581},{"IDNum":12545,"expDef":0.810,"expFrag":0.920,"expSpot":1.550,"expDamage":914.012,"expWinRate":52.719},{"IDNum":12369,"expDef":0.772,"expFrag":0.819,"expSpot":0.026,"expDamage":1731.565,"expWinRate":50.385},{"IDNum":12305,"expDef":0.678,"expFrag":0.926,"expSpot":1.335,"expDamage":1863.395,"expWinRate":49.461},{"IDNum":12289,"expDef":1.042,"expFrag":0.990,"expSpot":1.811,"expDamage":684.921,"expWinRate":54.434},{"IDNum":12113,"expDef":0.839,"expFrag":0.858,"expSpot":0.030,"expDamage":1189.266,"expWinRate":50.939},{"IDNum":12097,"expDef":0.919,"expFrag":0.921,"expSpot":0.745,"expDamage":1279.920,"expWinRate":51.132},{"IDNum":12049,"expDef":0.439,"expFrag":1.029,"expSpot":0.632,"expDamage":2037.613,"expWinRate":50.446},{"IDNum":12033,"expDef":0.874,"expFrag":0.975,"expSpot":0.790,"expDamage":1552.191,"expWinRate":49.235},{"IDNum":11857,"expDef":1.829,"expFrag":1.000,"expSpot":0.157,"expDamage":765.816,"expWinRate":53.672},{"IDNum":11841,"expDef":0.969,"expFrag":0.958,"expSpot":0.057,"expDamage":1606.966,"expWinRate":49.869},{"IDNum":11809,"expDef":1.173,"expFrag":1.009,"expSpot":1.636,"expDamage":876.600,"expWinRate":52.362},{"IDNum":11793,"expDef":1.091,"expFrag":1.007,"expSpot":0.567,"expDamage":821.340,"expWinRate":51.409},{"IDNum":11777,"expDef":1.073,"expFrag":1.145,"expSpot":0.829,"expDamage":625.502,"expWinRate":54.948},{"IDNum":11601,"expDef":0.748,"expFrag":0.864,"expSpot":0.029,"expDamage":1448.060,"expWinRate":50.604},{"IDNum":11585,"expDef":1.049,"expFrag":0.934,"expSpot":0.610,"expDamage":742.252,"expWinRate":52.994},{"IDNum":11553,"expDef":1.129,"expFrag":1.002,"expSpot":1.216,"expDamage":790.422,"expWinRate":53.486},{"IDNum":11537,"expDef":0.869,"expFrag":1.000,"expSpot":0.690,"expDamage":1391.967,"expWinRate":51.322},{"IDNum":11521,"expDef":0.703,"expFrag":0.874,"expSpot":1.124,"expDamage":1539.702,"expWinRate":50.442},{"IDNum":11345,"expDef":1.508,"expFrag":0.887,"expSpot":0.063,"expDamage":943.469,"expWinRate":52.366},{"IDNum":11297,"expDef":0.906,"expFrag":0.947,"expSpot":0.505,"expDamage":1350.427,"expWinRate":51.146},{"IDNum":11281,"expDef":1.497,"expFrag":1.260,"expSpot":0.777,"expDamage":490.964,"expWinRate":56.180},{"IDNum":11265,"expDef":0.829,"expFrag":0.993,"expSpot":0.881,"expDamage":800.429,"expWinRate":54.488},{"IDNum":11089,"expDef":1.516,"expFrag":1.110,"expSpot":0.106,"expDamage":596.065,"expWinRate":55.122},{"IDNum":11073,"expDef":0.794,"expFrag":0.987,"expSpot":0.886,"expDamage":1622.089,"expWinRate":51.648},{"IDNum":11041,"expDef":1.126,"expFrag":0.915,"expSpot":0.891,"expDamage":980.107,"expWinRate":53.060},{"IDNum":11025,"expDef":0.946,"expFrag":0.971,"expSpot":0.461,"expDamage":1018.643,"expWinRate":50.905},{"IDNum":11009,"expDef":0.803,"expFrag":0.814,"expSpot":0.805,"expDamage":1204.666,"expWinRate":52.174},{"IDNum":10833,"expDef":1.780,"expFrag":0.960,"expSpot":0.092,"expDamage":360.031,"expWinRate":54.414},{"IDNum":10817,"expDef":1.024,"expFrag":0.891,"expSpot":0.666,"expDamage":983.944,"expWinRate":53.274},{"IDNum":10785,"expDef":0.656,"expFrag":0.882,"expSpot":1.225,"expDamage":1858.477,"expWinRate":49.129},{"IDNum":10769,"expDef":0.987,"expFrag":0.908,"expSpot":0.928,"expDamage":1059.159,"expWinRate":54.213},{"IDNum":10753,"expDef":0.645,"expFrag":0.871,"expSpot":0.906,"expDamage":1588.336,"expWinRate":51.427},{"IDNum":10577,"expDef":1.172,"expFrag":1.297,"expSpot":0.202,"expDamage":194.748,"expWinRate":56.612},{"IDNum":10529,"expDef":1.342,"expFrag":1.159,"expSpot":1.379,"expDamage":600.998,"expWinRate":54.574},{"IDNum":10513,"expDef":0.865,"expFrag":0.848,"expSpot":1.151,"expDamage":1222.005,"expWinRate":52.202},{"IDNum":10497,"expDef":0.668,"expFrag":1.035,"expSpot":0.687,"expDamage":817.567,"expWinRate":53.558},{"IDNum":10273,"expDef":1.508,"expFrag":1.178,"expSpot":1.215,"expDamage":452.970,"expWinRate":57.167},{"IDNum":10257,"expDef":0.718,"expFrag":0.916,"expSpot":1.286,"expDamage":1549.023,"expWinRate":51.485},{"IDNum":10241,"expDef":1.089,"expFrag":1.003,"expSpot":0.816,"expDamage":1018.876,"expWinRate":53.133},{"IDNum":10065,"expDef":1.225,"expFrag":1.028,"expSpot":0.633,"expDamage":1104.314,"expWinRate":55.427},{"IDNum":10049,"expDef":1.270,"expFrag":1.170,"expSpot":0.706,"expDamage":618.767,"expWinRate":54.191},{"IDNum":10017,"expDef":1.068,"expFrag":0.983,"expSpot":1.124,"expDamage":709.953,"expWinRate":54.414},{"IDNum":10001,"expDef":0.608,"expFrag":0.617,"expSpot":2.366,"expDamage":495.512,"expWinRate":52.547},{"IDNum":9985,"expDef":0.932,"expFrag":0.941,"expSpot":0.816,"expDamage":1263.214,"expWinRate":50.718},{"IDNum":9809,"expDef":1.128,"expFrag":0.928,"expSpot":0.413,"expDamage":742.500,"expWinRate":53.273},{"IDNum":9793,"expDef":1.165,"expFrag":1.270,"expSpot":0.553,"expDamage":430.931,"expWinRate":57.194},{"IDNum":9761,"expDef":0.668,"expFrag":0.604,"expSpot":2.581,"expDamage":405.204,"expWinRate":53.241},{"IDNum":9745,"expDef":0.697,"expFrag":0.874,"expSpot":0.979,"expDamage":1549.356,"expWinRate":51.478},{"IDNum":9553,"expDef":1.334,"expFrag":0.998,"expSpot":0.643,"expDamage":757.825,"expWinRate":55.633},{"IDNum":9505,"expDef":0.693,"expFrag":0.849,"expSpot":1.053,"expDamage":1531.762,"expWinRate":50.407},{"IDNum":9489,"expDef":0.499,"expFrag":0.899,"expSpot":0.951,"expDamage":1891.529,"expWinRate":50.170},{"IDNum":9473,"expDef":0.944,"expFrag":0.817,"expSpot":2.333,"expDamage":384.235,"expWinRate":55.255},{"IDNum":9297,"expDef":0.473,"expFrag":1.047,"expSpot":0.528,"expDamage":2010.741,"expWinRate":48.771},{"IDNum":9249,"expDef":1.086,"expFrag":1.007,"expSpot":0.756,"expDamage":1037.254,"expWinRate":53.289},{"IDNum":9233,"expDef":0.626,"expFrag":0.886,"expSpot":0.033,"expDamage":1663.730,"expWinRate":49.399},{"IDNum":9217,"expDef":0.787,"expFrag":0.984,"expSpot":1.081,"expDamage":1315.695,"expWinRate":52.006},{"IDNum":9041,"expDef":1.514,"expFrag":1.209,"expSpot":1.145,"expDamage":440.158,"expWinRate":56.878},{"IDNum":8993,"expDef":0.737,"expFrag":0.937,"expSpot":1.383,"expDamage":1540.508,"expWinRate":51.107},{"IDNum":8977,"expDef":0.955,"expFrag":0.957,"expSpot":0.045,"expDamage":1141.173,"expWinRate":51.105},{"IDNum":8961,"expDef":0.980,"expFrag":0.894,"expSpot":1.429,"expDamage":845.276,"expWinRate":54.340},{"IDNum":8785,"expDef":1.640,"expFrag":1.089,"expSpot":0.731,"expDamage":545.350,"expWinRate":56.958},{"IDNum":8737,"expDef":0.608,"expFrag":1.067,"expSpot":0.509,"expDamage":1767.138,"expWinRate":52.687},{"IDNum":8721,"expDef":0.664,"expFrag":0.895,"expSpot":0.035,"expDamage":1450.867,"expWinRate":49.863},{"IDNum":8705,"expDef":0.738,"expFrag":0.898,"expSpot":0.040,"expDamage":1661.993,"expWinRate":49.051},{"IDNum":8529,"expDef":1.151,"expFrag":0.960,"expSpot":0.606,"expDamage":1331.951,"expWinRate":52.431},{"IDNum":8497,"expDef":0.525,"expFrag":1.032,"expSpot":0.640,"expDamage":2095.941,"expWinRate":49.560},{"IDNum":8481,"expDef":0.638,"expFrag":0.847,"expSpot":0.031,"expDamage":1648.463,"expWinRate":49.279},{"IDNum":8465,"expDef":0.922,"expFrag":0.806,"expSpot":1.221,"expDamage":1098.733,"expWinRate":52.592},{"IDNum":8449,"expDef":0.709,"expFrag":0.942,"expSpot":0.027,"expDamage":1507.768,"expWinRate":49.919},{"IDNum":8273,"expDef":1.534,"expFrag":1.654,"expSpot":1.123,"expDamage":275.415,"expWinRate":58.400},{"IDNum":8257,"expDef":1.755,"expFrag":1.389,"expSpot":0.908,"expDamage":355.925,"expWinRate":59.414},{"IDNum":8241,"expDef":0.581,"expFrag":1.103,"expSpot":0.495,"expDamage":1851.150,"expWinRate":51.481},{"IDNum":8225,"expDef":0.902,"expFrag":0.973,"expSpot":0.511,"expDamage":1360.792,"expWinRate":52.156},{"IDNum":8209,"expDef":1.121,"expFrag":0.889,"expSpot":2.024,"expDamage":323.907,"expWinRate":56.600},{"IDNum":8193,"expDef":0.756,"expFrag":1.124,"expSpot":0.613,"expDamage":1859.512,"expWinRate":50.542},{"IDNum":8017,"expDef":1.726,"expFrag":1.530,"expSpot":0.750,"expDamage":363.368,"expWinRate":58.030},{"IDNum":7985,"expDef":0.630,"expFrag":0.945,"expSpot":0.458,"expDamage":1354.766,"expWinRate":51.385},{"IDNum":7969,"expDef":1.004,"expFrag":0.934,"expSpot":0.052,"expDamage":1087.211,"expWinRate":51.627},{"IDNum":7953,"expDef":0.754,"expFrag":1.032,"expSpot":0.604,"expDamage":1758.282,"expWinRate":51.243},{"IDNum":7937,"expDef":0.771,"expFrag":0.895,"expSpot":1.568,"expDamage":1414.211,"expWinRate":51.017},{"IDNum":7761,"expDef":1.230,"expFrag":1.390,"expSpot":1.732,"expDamage":248.324,"expWinRate":57.101},{"IDNum":7745,"expDef":1.780,"expFrag":1.809,"expSpot":0.742,"expDamage":300.404,"expWinRate":58.701},{"IDNum":7729,"expDef":0.837,"expFrag":1.087,"expSpot":0.600,"expDamage":1042.239,"expWinRate":53.803},{"IDNum":7713,"expDef":1.429,"expFrag":1.284,"expSpot":0.943,"expDamage":493.410,"expWinRate":56.566},{"IDNum":7697,"expDef":0.932,"expFrag":1.012,"expSpot":0.579,"expDamage":1399.353,"expWinRate":51.694},{"IDNum":7681,"expDef":1.715,"expFrag":1.172,"expSpot":0.121,"expDamage":446.591,"expWinRate":53.825},{"IDNum":7505,"expDef":1.084,"expFrag":1.220,"expSpot":1.609,"expDamage":318.633,"expWinRate":57.125},{"IDNum":7489,"expDef":0.981,"expFrag":0.885,"expSpot":0.055,"expDamage":1254.434,"expWinRate":50.805},{"IDNum":7473,"expDef":0.847,"expFrag":1.041,"expSpot":0.613,"expDamage":797.452,"expWinRate":54.364},{"IDNum":7457,"expDef":0.795,"expFrag":0.906,"expSpot":0.039,"expDamage":1312.951,"expWinRate":51.069},{"IDNum":7441,"expDef":0.608,"expFrag":0.854,"expSpot":0.922,"expDamage":1545.069,"expWinRate":51.804},{"IDNum":7425,"expDef":0.767,"expFrag":1.046,"expSpot":0.513,"expDamage":1406.139,"expWinRate":50.336},{"IDNum":7249,"expDef":0.685,"expFrag":0.933,"expSpot":1.337,"expDamage":1839.559,"expWinRate":49.414},{"IDNum":7233,"expDef":1.145,"expFrag":0.899,"expSpot":0.062,"expDamage":1103.821,"expWinRate":51.465},{"IDNum":7217,"expDef":0.879,"expFrag":1.056,"expSpot":0.476,"expDamage":585.906,"expWinRate":55.321},{"IDNum":7201,"expDef":1.087,"expFrag":0.995,"expSpot":0.836,"expDamage":789.596,"expWinRate":54.101},{"IDNum":7185,"expDef":0.862,"expFrag":0.941,"expSpot":1.238,"expDamage":730.832,"expWinRate":54.366},{"IDNum":7169,"expDef":0.585,"expFrag":0.857,"expSpot":1.212,"expDamage":1809.834,"expWinRate":49.472},{"IDNum":6993,"expDef":1.029,"expFrag":1.309,"expSpot":0.912,"expDamage":296.254,"expWinRate":56.500},{"IDNum":6977,"expDef":0.975,"expFrag":0.873,"expSpot":0.919,"expDamage":1024.841,"expWinRate":53.579},{"IDNum":6961,"expDef":1.117,"expFrag":1.394,"expSpot":0.653,"expDamage":511.623,"expWinRate":56.966},{"IDNum":6945,"expDef":1.325,"expFrag":1.116,"expSpot":0.922,"expDamage":576.142,"expWinRate":54.996},{"IDNum":6929,"expDef":0.608,"expFrag":0.908,"expSpot":0.865,"expDamage":1896.815,"expWinRate":51.947},{"IDNum":6913,"expDef":1.368,"expFrag":1.291,"expSpot":0.820,"expDamage":493.699,"expWinRate":56.144},{"IDNum":6721,"expDef":1.026,"expFrag":1.129,"expSpot":0.852,"expDamage":631.035,"expWinRate":55.245},{"IDNum":6705,"expDef":1.309,"expFrag":1.557,"expSpot":0.621,"expDamage":374.072,"expWinRate":57.799},{"IDNum":6673,"expDef":1.501,"expFrag":1.360,"expSpot":0.905,"expDamage":389.229,"expWinRate":58.950},{"IDNum":6657,"expDef":1.034,"expFrag":0.904,"expSpot":1.420,"expDamage":863.730,"expWinRate":53.937},{"IDNum":6481,"expDef":1.021,"expFrag":0.886,"expSpot":1.658,"expDamage":324.063,"expWinRate":55.301},{"IDNum":6465,"expDef":0.658,"expFrag":0.646,"expSpot":1.899,"expDamage":518.521,"expWinRate":52.319},{"IDNum":6449,"expDef":1.281,"expFrag":1.721,"expSpot":0.471,"expDamage":276.684,"expWinRate":60.974},{"IDNum":6433,"expDef":1.306,"expFrag":1.451,"expSpot":1.139,"expDamage":360.704,"expWinRate":58.216},{"IDNum":6417,"expDef":1.003,"expFrag":0.924,"expSpot":1.516,"expDamage":462.645,"expWinRate":54.888},{"IDNum":6401,"expDef":1.621,"expFrag":1.458,"expSpot":0.792,"expDamage":378.638,"expWinRate":57.460},{"IDNum":6225,"expDef":0.633,"expFrag":0.882,"expSpot":1.056,"expDamage":1866.197,"expWinRate":49.035},{"IDNum":6209,"expDef":0.689,"expFrag":1.010,"expSpot":0.956,"expDamage":1929.837,"expWinRate":48.664},{"IDNum":6193,"expDef":0.495,"expFrag":0.953,"expSpot":1.258,"expDamage":2084.063,"expWinRate":49.365},{"IDNum":6177,"expDef":1.537,"expFrag":1.831,"expSpot":1.045,"expDamage":280.676,"expWinRate":56.762},{"IDNum":6161,"expDef":1.054,"expFrag":0.876,"expSpot":2.433,"expDamage":347.075,"expWinRate":56.594},{"IDNum":6145,"expDef":0.669,"expFrag":0.882,"expSpot":1.080,"expDamage":1847.969,"expWinRate":49.391},{"IDNum":5985,"expDef":1.125,"expFrag":1.445,"expSpot":1.197,"expDamage":239.935,"expWinRate":57.332},{"IDNum":5969,"expDef":0.899,"expFrag":0.777,"expSpot":1.227,"expDamage":1112.950,"expWinRate":52.629},{"IDNum":5953,"expDef":1.667,"expFrag":1.101,"expSpot":0.916,"expDamage":254.882,"expWinRate":58.952},{"IDNum":5937,"expDef":0.586,"expFrag":0.785,"expSpot":2.685,"expDamage":1392.701,"expWinRate":48.362},{"IDNum":5921,"expDef":0.985,"expFrag":0.832,"expSpot":1.399,"expDamage":1124.079,"expWinRate":52.156},{"IDNum":5905,"expDef":1.568,"expFrag":0.996,"expSpot":0.148,"expDamage":358.178,"expWinRate":52.057},{"IDNum":5889,"expDef":0.826,"expFrag":0.993,"expSpot":0.814,"expDamage":1085.147,"expWinRate":53.817},{"IDNum":5729,"expDef":0.817,"expFrag":1.270,"expSpot":1.143,"expDamage":722.002,"expWinRate":55.038},{"IDNum":5713,"expDef":0.798,"expFrag":0.880,"expSpot":1.175,"expDamage":1536.361,"expWinRate":50.960},{"IDNum":5697,"expDef":0.850,"expFrag":0.989,"expSpot":1.360,"expDamage":1444.280,"expWinRate":51.037},{"IDNum":5681,"expDef":0.596,"expFrag":0.711,"expSpot":2.459,"expDamage":1085.059,"expWinRate":49.982},{"IDNum":5665,"expDef":1.440,"expFrag":1.335,"expSpot":1.526,"expDamage":237.559,"expWinRate":57.654},{"IDNum":5649,"expDef":1.527,"expFrag":1.064,"expSpot":0.102,"expDamage":631.696,"expWinRate":53.044},{"IDNum":5633,"expDef":1.154,"expFrag":1.030,"expSpot":0.067,"expDamage":979.536,"expWinRate":51.085},{"IDNum":5473,"expDef":0.647,"expFrag":1.055,"expSpot":0.803,"expDamage":848.738,"expWinRate":54.482},{"IDNum":5457,"expDef":1.037,"expFrag":0.926,"expSpot":1.609,"expDamage":882.971,"expWinRate":52.929},{"IDNum":5425,"expDef":0.556,"expFrag":0.881,"expSpot":1.332,"expDamage":1845.624,"expWinRate":50.135},{"IDNum":5409,"expDef":0.897,"expFrag":0.788,"expSpot":1.893,"expDamage":380.184,"expWinRate":53.699},{"IDNum":5393,"expDef":0.710,"expFrag":0.673,"expSpot":2.267,"expDamage":393.539,"expWinRate":53.896},{"IDNum":5377,"expDef":0.782,"expFrag":0.884,"expSpot":0.991,"expDamage":1282.767,"expWinRate":51.646},{"IDNum":5217,"expDef":0.643,"expFrag":0.964,"expSpot":0.978,"expDamage":1121.207,"expWinRate":55.274},{"IDNum":5201,"expDef":1.398,"expFrag":1.443,"expSpot":1.252,"expDamage":256.846,"expWinRate":57.060},{"IDNum":5185,"expDef":0.774,"expFrag":0.736,"expSpot":2.080,"expDamage":690.827,"expWinRate":52.460},{"IDNum":5169,"expDef":1.013,"expFrag":0.950,"expSpot":1.461,"expDamage":688.489,"expWinRate":54.071},{"IDNum":5153,"expDef":1.040,"expFrag":0.848,"expSpot":2.224,"expDamage":295.648,"expWinRate":56.406},{"IDNum":5137,"expDef":0.874,"expFrag":0.831,"expSpot":0.951,"expDamage":1234.954,"expWinRate":51.739},{"IDNum":5121,"expDef":1.750,"expFrag":1.647,"expSpot":0.435,"expDamage":292.988,"expWinRate":58.671},{"IDNum":4961,"expDef":0.626,"expFrag":0.814,"expSpot":0.748,"expDamage":1289.410,"expWinRate":52.948},{"IDNum":4945,"expDef":1.281,"expFrag":0.817,"expSpot":0.773,"expDamage":323.510,"expWinRate":54.876},{"IDNum":4929,"expDef":0.697,"expFrag":0.764,"expSpot":2.217,"expDamage":979.806,"expWinRate":51.330},{"IDNum":4913,"expDef":0.730,"expFrag":0.727,"expSpot":2.390,"expDamage":506.375,"expWinRate":52.896},{"IDNum":4897,"expDef":1.168,"expFrag":1.299,"expSpot":1.399,"expDamage":301.570,"expWinRate":57.064},{"IDNum":4881,"expDef":1.092,"expFrag":1.157,"expSpot":1.750,"expDamage":281.500,"expWinRate":57.705},{"IDNum":4865,"expDef":1.393,"expFrag":0.950,"expSpot":0.098,"expDamage":546.773,"expWinRate":50.746},{"IDNum":4737,"expDef":0.862,"expFrag":1.086,"expSpot":0.663,"expDamage":2191.985,"expWinRate":50.188},{"IDNum":4705,"expDef":1.072,"expFrag":1.149,"expSpot":0.727,"expDamage":325.162,"expWinRate":55.406},{"IDNum":4689,"expDef":1.173,"expFrag":0.978,"expSpot":0.728,"expDamage":766.080,"expWinRate":54.557},{"IDNum":4673,"expDef":1.433,"expFrag":1.032,"expSpot":0.077,"expDamage":932.060,"expWinRate":52.583},{"IDNum":4657,"expDef":1.106,"expFrag":0.991,"expSpot":1.365,"expDamage":486.567,"expWinRate":54.215},{"IDNum":4641,"expDef":1.550,"expFrag":1.004,"expSpot":0.125,"expDamage":390.501,"expWinRate":53.605},{"IDNum":4625,"expDef":1.597,"expFrag":1.008,"expSpot":0.165,"expDamage":405.643,"expWinRate":53.883},{"IDNum":4609,"expDef":1.777,"expFrag":1.380,"expSpot":1.068,"expDamage":239.371,"expWinRate":57.314},{"IDNum":4481,"expDef":0.889,"expFrag":1.020,"expSpot":0.575,"expDamage":1800.398,"expWinRate":50.680},{"IDNum":4449,"expDef":1.094,"expFrag":1.068,"expSpot":0.709,"expDamage":373.996,"expWinRate":54.430},{"IDNum":4433,"expDef":0.628,"expFrag":0.862,"expSpot":0.999,"expDamage":1629.335,"expWinRate":51.182},{"IDNum":4417,"expDef":0.999,"expFrag":0.996,"expSpot":1.132,"expDamage":488.024,"expWinRate":54.238},{"IDNum":4401,"expDef":1.397,"expFrag":1.267,"expSpot":1.185,"expDamage":321.440,"expWinRate":57.544},{"IDNum":4385,"expDef":0.907,"expFrag":0.860,"expSpot":1.148,"expDamage":1241.495,"expWinRate":52.409},{"IDNum":4369,"expDef":1.094,"expFrag":1.022,"expSpot":1.813,"expDamage":352.796,"expWinRate":57.622},{"IDNum":4353,"expDef":0.876,"expFrag":0.820,"expSpot":1.450,"expDamage":1055.339,"expWinRate":52.379},{"IDNum":4225,"expDef":0.909,"expFrag":0.932,"expSpot":0.581,"expDamage":1390.460,"expWinRate":50.693},{"IDNum":4193,"expDef":0.468,"expFrag":0.822,"expSpot":0.690,"expDamage":1554.740,"expWinRate":52.009},{"IDNum":4161,"expDef":2.171,"expFrag":1.106,"expSpot":0.097,"expDamage":620.977,"expWinRate":53.296},{"IDNum":4145,"expDef":0.646,"expFrag":0.935,"expSpot":1.273,"expDamage":1815.758,"expWinRate":49.484},{"IDNum":4129,"expDef":1.377,"expFrag":0.999,"expSpot":0.078,"expDamage":836.842,"expWinRate":51.357},{"IDNum":4113,"expDef":1.013,"expFrag":0.936,"expSpot":1.527,"expDamage":884.159,"expWinRate":53.367},{"IDNum":4097,"expDef":0.709,"expFrag":0.928,"expSpot":0.022,"expDamage":1285.884,"expWinRate":50.691},{"IDNum":3969,"expDef":1.078,"expFrag":0.942,"expSpot":0.581,"expDamage":990.939,"expWinRate":52.201},{"IDNum":3937,"expDef":0.450,"expFrag":0.941,"expSpot":0.799,"expDamage":2131.390,"expWinRate":51.764},{"IDNum":3921,"expDef":0.855,"expFrag":0.811,"expSpot":1.040,"expDamage":1245.353,"expWinRate":52.648},{"IDNum":3905,"expDef":0.759,"expFrag":0.963,"expSpot":0.849,"expDamage":1594.754,"expWinRate":50.454},{"IDNum":3889,"expDef":0.626,"expFrag":0.672,"expSpot":2.468,"expDamage":868.089,"expWinRate":52.053},{"IDNum":3873,"expDef":0.944,"expFrag":0.995,"expSpot":1.057,"expDamage":1143.135,"expWinRate":54.006},{"IDNum":3857,"expDef":1.015,"expFrag":0.995,"expSpot":0.681,"expDamage":1043.182,"expWinRate":53.039},{"IDNum":3841,"expDef":1.444,"expFrag":1.238,"expSpot":0.121,"expDamage":214.427,"expWinRate":54.474},{"IDNum":3713,"expDef":1.023,"expFrag":0.961,"expSpot":0.610,"expDamage":779.111,"expWinRate":53.189},{"IDNum":3681,"expDef":0.734,"expFrag":0.964,"expSpot":1.321,"expDamage":1816.868,"expWinRate":49.014},{"IDNum":3665,"expDef":1.034,"expFrag":0.949,"expSpot":1.017,"expDamage":746.478,"expWinRate":52.821},{"IDNum":3649,"expDef":0.775,"expFrag":1.091,"expSpot":1.703,"expDamage":1817.301,"expWinRate":48.815},{"IDNum":3633,"expDef":0.768,"expFrag":0.995,"expSpot":1.068,"expDamage":1078.031,"expWinRate":54.365},{"IDNum":3617,"expDef":1.691,"expFrag":0.868,"expSpot":0.115,"expDamage":474.291,"expWinRate":49.649},{"IDNum":3601,"expDef":1.673,"expFrag":1.757,"expSpot":0.899,"expDamage":297.726,"expWinRate":58.301},{"IDNum":3585,"expDef":1.023,"expFrag":1.075,"expSpot":0.729,"expDamage":786.630,"expWinRate":53.303},{"IDNum":3473,"expDef":0.354,"expFrag":1.017,"expSpot":1.003,"expDamage":2206.583,"expWinRate":51.542},{"IDNum":3457,"expDef":1.028,"expFrag":1.070,"expSpot":0.819,"expDamage":527.131,"expWinRate":54.995},{"IDNum":3425,"expDef":0.781,"expFrag":0.896,"expSpot":1.115,"expDamage":1523.446,"expWinRate":50.442},{"IDNum":3409,"expDef":1.659,"expFrag":1.096,"expSpot":0.126,"expDamage":283.772,"expWinRate":55.953},{"IDNum":3393,"expDef":1.824,"expFrag":1.073,"expSpot":0.138,"expDamage":390.153,"expWinRate":52.229},{"IDNum":3377,"expDef":0.675,"expFrag":0.696,"expSpot":2.293,"expDamage":722.159,"expWinRate":52.238},{"IDNum":3361,"expDef":1.159,"expFrag":1.134,"expSpot":1.116,"expDamage":615.635,"expWinRate":55.566},{"IDNum":3345,"expDef":1.400,"expFrag":1.286,"expSpot":1.286,"expDamage":317.897,"expWinRate":58.290},{"IDNum":3329,"expDef":1.609,"expFrag":1.635,"expSpot":1.194,"expDamage":216.947,"expWinRate":57.397},{"IDNum":3217,"expDef":0.428,"expFrag":0.969,"expSpot":0.980,"expDamage":1765.239,"expWinRate":52.762},{"IDNum":3201,"expDef":1.459,"expFrag":1.189,"expSpot":0.623,"expDamage":428.513,"expWinRate":56.033},{"IDNum":3169,"expDef":1.495,"expFrag":1.221,"expSpot":1.230,"expDamage":218.864,"expWinRate":56.593},{"IDNum":3153,"expDef":1.188,"expFrag":0.932,"expSpot":0.832,"expDamage":1013.944,"expWinRate":55.019},{"IDNum":3137,"expDef":0.945,"expFrag":1.005,"expSpot":0.898,"expDamage":1324.352,"expWinRate":51.601},{"IDNum":3121,"expDef":1.053,"expFrag":0.890,"expSpot":2.175,"expDamage":329.231,"expWinRate":55.089},{"IDNum":3105,"expDef":1.025,"expFrag":1.024,"expSpot":0.830,"expDamage":361.888,"expWinRate":55.330},{"IDNum":3089,"expDef":1.538,"expFrag":1.626,"expSpot":1.781,"expDamage":220.326,"expWinRate":57.792},{"IDNum":3073,"expDef":1.182,"expFrag":1.063,"expSpot":1.333,"expDamage":269.546,"expWinRate":56.095},{"IDNum":2961,"expDef":0.471,"expFrag":0.848,"expSpot":0.952,"expDamage":1333.069,"expWinRate":52.430},{"IDNum":2945,"expDef":1.493,"expFrag":1.413,"expSpot":0.598,"expDamage":363.596,"expWinRate":58.251},{"IDNum":2913,"expDef":1.121,"expFrag":0.967,"expSpot":1.656,"expDamage":362.195,"expWinRate":55.441},{"IDNum":2897,"expDef":1.293,"expFrag":1.114,"expSpot":0.856,"expDamage":623.444,"expWinRate":55.705},{"IDNum":2881,"expDef":1.187,"expFrag":0.802,"expSpot":0.789,"expDamage":278.399,"expWinRate":56.332},{"IDNum":2865,"expDef":0.759,"expFrag":0.839,"expSpot":1.074,"expDamage":1232.714,"expWinRate":53.070},{"IDNum":2849,"expDef":0.691,"expFrag":0.792,"expSpot":0.812,"expDamage":1259.183,"expWinRate":50.881},{"IDNum":2833,"expDef":1.334,"expFrag":1.149,"expSpot":0.179,"expDamage":346.652,"expWinRate":57.421},{"IDNum":2817,"expDef":0.748,"expFrag":1.025,"expSpot":1.023,"expDamage":814.034,"expWinRate":53.792},{"IDNum":2721,"expDef":0.611,"expFrag":1.203,"expSpot":1.192,"expDamage":2140.900,"expWinRate":50.149},{"IDNum":2705,"expDef":0.577,"expFrag":0.993,"expSpot":1.039,"expDamage":1087.329,"expWinRate":53.517},{"IDNum":2689,"expDef":1.324,"expFrag":1.389,"expSpot":0.559,"expDamage":247.675,"expWinRate":58.519},{"IDNum":2657,"expDef":1.007,"expFrag":0.816,"expSpot":1.191,"expDamage":1120.866,"expWinRate":51.031},{"IDNum":2625,"expDef":0.833,"expFrag":0.885,"expSpot":0.898,"expDamage":783.610,"expWinRate":53.408},{"IDNum":2593,"expDef":0.586,"expFrag":0.978,"expSpot":0.679,"expDamage":1716.169,"expWinRate":50.578},{"IDNum":2577,"expDef":1.068,"expFrag":1.007,"expSpot":1.183,"expDamage":645.273,"expWinRate":54.697},{"IDNum":2561,"expDef":0.949,"expFrag":0.930,"expSpot":1.333,"expDamage":706.560,"expWinRate":54.076},{"IDNum":2465,"expDef":0.662,"expFrag":1.131,"expSpot":1.108,"expDamage":1777.765,"expWinRate":51.159},{"IDNum":2449,"expDef":0.645,"expFrag":0.920,"expSpot":0.780,"expDamage":741.317,"expWinRate":53.598},{"IDNum":2433,"expDef":0.558,"expFrag":0.946,"expSpot":1.179,"expDamage":1918.267,"expWinRate":49.404},{"IDNum":2417,"expDef":0.661,"expFrag":1.075,"expSpot":1.354,"expDamage":1954.660,"expWinRate":48.937},{"IDNum":2401,"expDef":1.411,"expFrag":1.141,"expSpot":1.553,"expDamage":288.759,"expWinRate":57.014},{"IDNum":2385,"expDef":1.354,"expFrag":1.170,"expSpot":0.991,"expDamage":301.298,"expWinRate":57.272},{"IDNum":2369,"expDef":1.581,"expFrag":1.580,"expSpot":1.058,"expDamage":401.125,"expWinRate":58.019},{"IDNum":2353,"expDef":1.454,"expFrag":1.432,"expSpot":1.264,"expDamage":245.737,"expWinRate":57.500},{"IDNum":2321,"expDef":1.066,"expFrag":0.993,"expSpot":1.121,"expDamage":760.844,"expWinRate":54.667},{"IDNum":2305,"expDef":0.859,"expFrag":1.006,"expSpot":0.517,"expDamage":998.987,"expWinRate":52.579},{"IDNum":2209,"expDef":0.612,"expFrag":0.889,"expSpot":1.106,"expDamage":1231.147,"expWinRate":51.168},{"IDNum":2193,"expDef":0.662,"expFrag":0.877,"expSpot":1.173,"expDamage":511.111,"expWinRate":54.881},{"IDNum":2177,"expDef":0.582,"expFrag":0.970,"expSpot":0.954,"expDamage":1641.862,"expWinRate":51.794},{"IDNum":2161,"expDef":0.752,"expFrag":1.054,"expSpot":1.108,"expDamage":1703.459,"expWinRate":51.709},{"IDNum":2145,"expDef":1.308,"expFrag":1.258,"expSpot":1.172,"expDamage":325.051,"expWinRate":57.455},{"IDNum":2129,"expDef":1.172,"expFrag":0.942,"expSpot":1.585,"expDamage":458.636,"expWinRate":55.251},{"IDNum":2113,"expDef":1.405,"expFrag":1.317,"expSpot":0.111,"expDamage":660.978,"expWinRate":55.008},{"IDNum":2097,"expDef":0.532,"expFrag":0.872,"expSpot":1.218,"expDamage":1612.934,"expWinRate":51.841},{"IDNum":2081,"expDef":1.832,"expFrag":1.240,"expSpot":0.383,"expDamage":229.754,"expWinRate":54.396},{"IDNum":2065,"expDef":1.561,"expFrag":1.374,"expSpot":1.685,"expDamage":236.515,"expWinRate":57.401},{"IDNum":2049,"expDef":1.051,"expFrag":0.827,"expSpot":2.232,"expDamage":306.879,"expWinRate":55.993},{"IDNum":1953,"expDef":0.653,"expFrag":0.964,"expSpot":1.347,"expDamage":951.993,"expWinRate":53.560},{"IDNum":1937,"expDef":0.877,"expFrag":0.820,"expSpot":1.372,"expDamage":314.401,"expWinRate":55.563},{"IDNum":1921,"expDef":0.694,"expFrag":0.969,"expSpot":0.850,"expDamage":1372.274,"expWinRate":52.764},{"IDNum":1905,"expDef":0.885,"expFrag":0.785,"expSpot":1.040,"expDamage":1075.974,"expWinRate":51.729},{"IDNum":1889,"expDef":1.087,"expFrag":0.946,"expSpot":1.054,"expDamage":725.811,"expWinRate":52.466},{"IDNum":1841,"expDef":0.699,"expFrag":0.876,"expSpot":1.354,"expDamage":1437.908,"expWinRate":51.643},{"IDNum":1825,"expDef":1.418,"expFrag":1.487,"expSpot":2.439,"expDamage":250.657,"expWinRate":57.726},{"IDNum":1809,"expDef":1.190,"expFrag":1.408,"expSpot":0.601,"expDamage":453.125,"expWinRate":56.736},{"IDNum":1793,"expDef":0.757,"expFrag":0.915,"expSpot":0.044,"expDamage":1159.347,"expWinRate":50.374},{"IDNum":1697,"expDef":0.645,"expFrag":0.989,"expSpot":1.044,"expDamage":753.143,"expWinRate":53.783},{"IDNum":1681,"expDef":1.088,"expFrag":1.081,"expSpot":1.287,"expDamage":296.713,"expWinRate":56.619},{"IDNum":1665,"expDef":0.795,"expFrag":0.898,"expSpot":1.288,"expDamage":931.997,"expWinRate":53.165},{"IDNum":1649,"expDef":0.839,"expFrag":0.875,"expSpot":1.212,"expDamage":927.989,"expWinRate":53.162},{"IDNum":1633,"expDef":1.131,"expFrag":0.978,"expSpot":1.214,"expDamage":369.849,"expWinRate":56.002},{"IDNum":1617,"expDef":1.090,"expFrag":1.015,"expSpot":0.858,"expDamage":379.327,"expWinRate":54.886},{"IDNum":1601,"expDef":2.155,"expFrag":1.346,"expSpot":0.950,"expDamage":229.038,"expWinRate":57.402},{"IDNum":1585,"expDef":0.927,"expFrag":0.813,"expSpot":1.487,"expDamage":1043.692,"expWinRate":52.277},{"IDNum":1569,"expDef":0.994,"expFrag":0.921,"expSpot":1.579,"expDamage":949.504,"expWinRate":54.421},{"IDNum":1553,"expDef":1.224,"expFrag":1.045,"expSpot":0.726,"expDamage":747.543,"expWinRate":53.551},{"IDNum":1537,"expDef":0.973,"expFrag":1.003,"expSpot":1.190,"expDamage":390.684,"expWinRate":55.519},{"IDNum":1441,"expDef":0.779,"expFrag":0.891,"expSpot":1.060,"expDamage":490.233,"expWinRate":54.712},{"IDNum":1425,"expDef":1.287,"expFrag":1.459,"expSpot":1.115,"expDamage":262.660,"expWinRate":58.666},{"IDNum":1409,"expDef":0.990,"expFrag":0.946,"expSpot":1.098,"expDamage":751.436,"expWinRate":53.769},{"IDNum":1393,"expDef":0.999,"expFrag":0.917,"expSpot":1.433,"expDamage":718.877,"expWinRate":53.494},{"IDNum":1377,"expDef":1.054,"expFrag":0.911,"expSpot":1.172,"expDamage":485.983,"expWinRate":54.449},{"IDNum":1361,"expDef":1.475,"expFrag":1.118,"expSpot":1.751,"expDamage":292.377,"expWinRate":57.440},{"IDNum":1345,"expDef":1.944,"expFrag":1.388,"expSpot":1.061,"expDamage":234.683,"expWinRate":58.633},{"IDNum":1329,"expDef":1.695,"expFrag":1.671,"expSpot":1.255,"expDamage":221.079,"expWinRate":56.491},{"IDNum":1313,"expDef":1.060,"expFrag":0.970,"expSpot":1.413,"expDamage":695.749,"expWinRate":54.993},{"IDNum":1297,"expDef":1.148,"expFrag":0.875,"expSpot":1.235,"expDamage":902.790,"expWinRate":53.944},{"IDNum":1185,"expDef":0.857,"expFrag":1.097,"expSpot":1.020,"expDamage":411.280,"expWinRate":55.342},{"IDNum":1169,"expDef":1.403,"expFrag":1.560,"expSpot":1.476,"expDamage":194.677,"expWinRate":58.768},{"IDNum":1153,"expDef":0.980,"expFrag":0.911,"expSpot":1.162,"expDamage":504.000,"expWinRate":53.936},{"IDNum":1137,"expDef":1.065,"expFrag":0.848,"expSpot":1.403,"expDamage":487.210,"expWinRate":54.358},{"IDNum":1121,"expDef":1.053,"expFrag":0.886,"expSpot":1.006,"expDamage":911.610,"expWinRate":51.351},{"IDNum":1105,"expDef":0.965,"expFrag":0.989,"expSpot":1.856,"expDamage":702.902,"expWinRate":54.613},{"IDNum":1089,"expDef":1.451,"expFrag":1.129,"expSpot":1.076,"expDamage":376.593,"expWinRate":55.831},{"IDNum":1073,"expDef":0.939,"expFrag":0.906,"expSpot":1.455,"expDamage":916.845,"expWinRate":54.403},{"IDNum":1057,"expDef":0.967,"expFrag":1.058,"expSpot":1.355,"expDamage":526.071,"expWinRate":54.868},{"IDNum":1041,"expDef":1.350,"expFrag":1.104,"expSpot":0.695,"expDamage":581.751,"expWinRate":54.183},{"IDNum":1025,"expDef":1.402,"expFrag":1.306,"expSpot":1.667,"expDamage":229.221,"expWinRate":56.838},{"IDNum":929,"expDef":1.319,"expFrag":1.303,"expSpot":1.153,"expDamage":345.613,"expWinRate":57.114},{"IDNum":913,"expDef":0.430,"expFrag":0.881,"expSpot":0.983,"expDamage":1370.996,"expWinRate":53.592},{"IDNum":897,"expDef":1.098,"expFrag":0.987,"expSpot":1.256,"expDamage":380.639,"expWinRate":55.506},{"IDNum":881,"expDef":1.305,"expFrag":0.952,"expSpot":1.141,"expDamage":367.188,"expWinRate":55.852},{"IDNum":865,"expDef":1.373,"expFrag":1.349,"expSpot":1.444,"expDamage":235.513,"expWinRate":56.879},{"IDNum":849,"expDef":1.564,"expFrag":1.117,"expSpot":0.764,"expDamage":440.099,"expWinRate":56.131},{"IDNum":833,"expDef":1.349,"expFrag":1.340,"expSpot":0.119,"expDamage":221.352,"expWinRate":56.331},{"IDNum":817,"expDef":0.693,"expFrag":0.919,"expSpot":1.290,"expDamage":1246.531,"expWinRate":52.476},{"IDNum":801,"expDef":0.869,"expFrag":0.960,"expSpot":1.010,"expDamage":797.246,"expWinRate":53.705},{"IDNum":785,"expDef":1.718,"expFrag":1.353,"expSpot":1.475,"expDamage":233.890,"expWinRate":57.310},{"IDNum":769,"expDef":1.257,"expFrag":0.990,"expSpot":1.849,"expDamage":256.199,"expWinRate":56.102},{"IDNum":673,"expDef":1.499,"expFrag":1.495,"expSpot":1.044,"expDamage":263.387,"expWinRate":58.686},{"IDNum":641,"expDef":1.465,"expFrag":1.167,"expSpot":1.385,"expDamage":317.791,"expWinRate":56.953},{"IDNum":625,"expDef":1.465,"expFrag":0.951,"expSpot":1.069,"expDamage":275.699,"expWinRate":56.725},{"IDNum":609,"expDef":1.703,"expFrag":1.553,"expSpot":1.095,"expDamage":194.543,"expWinRate":57.655},{"IDNum":593,"expDef":1.380,"expFrag":1.363,"expSpot":2.087,"expDamage":240.721,"expWinRate":58.125},{"IDNum":577,"expDef":1.811,"expFrag":1.476,"expSpot":1.205,"expDamage":201.451,"expWinRate":58.099},{"IDNum":545,"expDef":1.363,"expFrag":1.536,"expSpot":1.819,"expDamage":198.064,"expWinRate":57.995},{"IDNum":529,"expDef":0.995,"expFrag":0.935,"expSpot":0.973,"expDamage":1074.665,"expWinRate":53.597},{"IDNum":513,"expDef":0.806,"expFrag":0.975,"expSpot":0.999,"expDamage":1036.656,"expWinRate":53.415},{"IDNum":417,"expDef":1.548,"expFrag":1.288,"expSpot":1.494,"expDamage":230.923,"expWinRate":58.171},{"IDNum":401,"expDef":1.353,"expFrag":1.075,"expSpot":1.139,"expDamage":202.636,"expWinRate":58.571},{"IDNum":385,"expDef":1.197,"expFrag":1.332,"expSpot":1.322,"expDamage":240.234,"expWinRate":57.346},{"IDNum":369,"expDef":1.424,"expFrag":1.210,"expSpot":1.380,"expDamage":224.352,"expWinRate":56.575},{"IDNum":353,"expDef":1.456,"expFrag":1.366,"expSpot":1.176,"expDamage":228.038,"expWinRate":57.673},{"IDNum":337,"expDef":1.197,"expFrag":1.409,"expSpot":0.916,"expDamage":244.447,"expWinRate":56.874},{"IDNum":321,"expDef":1.588,"expFrag":1.210,"expSpot":0.804,"expDamage":293.168,"expWinRate":58.624},{"IDNum":305,"expDef":0.671,"expFrag":0.672,"expSpot":2.483,"expDamage":668.733,"expWinRate":51.889},{"IDNum":289,"expDef":1.458,"expFrag":1.068,"expSpot":2.170,"expDamage":265.273,"expWinRate":57.139},{"IDNum":273,"expDef":1.252,"expFrag":1.007,"expSpot":0.076,"expDamage":925.529,"expWinRate":51.277},{"IDNum":257,"expDef":1.234,"expFrag":1.110,"expSpot":0.532,"expDamage":578.642,"expWinRate":54.436},{"IDNum":161,"expDef":1.417,"expFrag":1.686,"expSpot":1.045,"expDamage":207.039,"expWinRate":58.198},{"IDNum":145,"expDef":0.753,"expFrag":0.983,"expSpot":1.333,"expDamage":775.605,"expWinRate":54.937},{"IDNum":129,"expDef":1.039,"expFrag":1.491,"expSpot":1.350,"expDamage":199.332,"expWinRate":58.937},{"IDNum":113,"expDef":1.024,"expFrag":1.568,"expSpot":0.835,"expDamage":206.093,"expWinRate":58.671},{"IDNum":81,"expDef":1.254,"expFrag":1.675,"expSpot":0.912,"expDamage":218.172,"expWinRate":57.621},{"IDNum":49,"expDef":0.902,"expFrag":0.888,"expSpot":1.580,"expDamage":1111.500,"expWinRate":51.954},{"IDNum":33,"expDef":1.186,"expFrag":1.231,"expSpot":1.520,"expDamage":591.369,"expWinRate":56.109},{"IDNum":1,"expDef":1.078,"expFrag":0.971,"expSpot":1.355,"expDamage":487.085,"expWinRate":54.973}],"header":{"url":"https://static.modxvm.com/wn8-data-exp/json/wn8exp-2018-11-07.json","source":"XVM","version":"2018-11-07"}}
