﻿{
//  Глобальный триггер.
    "enabled": true,
//  Выдавать танку рандомный камуфляж, если нету купленного либо командного.
    "doRandom": true,
//  Использовать купленные камуфляжи
    "useBought": true,
//  Тип камуфляжа в ангаре. 0 - зимний, 1 - летний, 2 - пустынный, 3 - случайный.
    "hangarCamoKind": 3,
//  Отключить мод для танков с камуфляжем в комплекте.
    "disableWithDefault": false,
//  Перезаписать непрозрачность у добавленных камуфляжей (убрать "грязь")
    "fullAlpha": false,
//  Дополнять случайными камуфляжами частично раскрашенные машины
    "fillEmptySlots": true,
//  Стараться раскрасить машину в один и тот же камуфляж
    "uniformOutfit": false
}