{"data":[{"IDNum":65073,"expDef":0.497,"expFrag":0.872,"expSpot":1.373,"expDamage":1261.729,"expWinRate":52.270},{"IDNum":64817,"expDef":0.756,"expFrag":0.786,"expSpot":2.640,"expDamage":577.161,"expWinRate":52.580},{"IDNum":64769,"expDef":0.471,"expFrag":1.126,"expSpot":0.741,"expDamage":870.552,"expWinRate":54.938},{"IDNum":64561,"expDef":0.636,"expFrag":0.880,"expSpot":1.319,"expDamage":1245.880,"expWinRate":52.914},{"IDNum":64273,"expDef":0.908,"expFrag":0.805,"expSpot":1.253,"expDamage":1121.845,"expWinRate":51.861},{"IDNum":64065,"expDef":1.027,"expFrag":0.894,"expSpot":1.334,"expDamage":1203.997,"expWinRate":50.953},{"IDNum":64049,"expDef":0.734,"expFrag":0.891,"expSpot":1.346,"expDamage":1145.714,"expWinRate":50.834},{"IDNum":64017,"expDef":0.584,"expFrag":0.660,"expSpot":2.628,"expDamage":847.620,"expWinRate":51.291},{"IDNum":63809,"expDef":0.828,"expFrag":0.943,"expSpot":2.790,"expDamage":818.843,"expWinRate":53.453},{"IDNum":63793,"expDef":0.886,"expFrag":0.807,"expSpot":1.285,"expDamage":1068.009,"expWinRate":52.121},{"IDNum":63761,"expDef":1.235,"expFrag":0.833,"expSpot":1.276,"expDamage":1176.121,"expWinRate":50.633},{"IDNum":63553,"expDef":0.958,"expFrag":0.811,"expSpot":1.409,"expDamage":1108.855,"expWinRate":50.768},{"IDNum":63537,"expDef":0.686,"expFrag":0.974,"expSpot":1.268,"expDamage":1900.557,"expWinRate":50.256},{"IDNum":63505,"expDef":1.381,"expFrag":0.819,"expSpot":1.087,"expDamage":233.492,"expWinRate":57.816},{"IDNum":63297,"expDef":0.797,"expFrag":0.784,"expSpot":2.397,"expDamage":723.472,"expWinRate":52.073},{"IDNum":63281,"expDef":0.679,"expFrag":1.063,"expSpot":0.795,"expDamage":1426.495,"expWinRate":52.545},{"IDNum":63249,"expDef":1.061,"expFrag":1.000,"expSpot":1.076,"expDamage":541.442,"expWinRate":54.631},{"IDNum":63233,"expDef":0.670,"expFrag":0.796,"expSpot":0.885,"expDamage":1251.516,"expWinRate":53.350},{"IDNum":63041,"expDef":0.644,"expFrag":0.849,"expSpot":0.840,"expDamage":1249.973,"expWinRate":51.136},{"IDNum":62993,"expDef":0.846,"expFrag":0.946,"expSpot":1.068,"expDamage":1095.244,"expWinRate":54.491},{"IDNum":62977,"expDef":0.719,"expFrag":0.902,"expSpot":1.530,"expDamage":1226.419,"expWinRate":52.313},{"IDNum":62785,"expDef":0.555,"expFrag":0.777,"expSpot":1.017,"expDamage":1282.855,"expWinRate":52.944},{"IDNum":62737,"expDef":0.745,"expFrag":0.870,"expSpot":0.660,"expDamage":1318.333,"expWinRate":53.949},{"IDNum":62529,"expDef":0.688,"expFrag":0.990,"expSpot":1.062,"expDamage":1351.049,"expWinRate":51.736},{"IDNum":62497,"expDef":0.860,"expFrag":0.954,"expSpot":1.024,"expDamage":996.039,"expWinRate":55.061},{"IDNum":62481,"expDef":0.591,"expFrag":1.034,"expSpot":0.526,"expDamage":1471.100,"expWinRate":51.614},{"IDNum":62273,"expDef":0.591,"expFrag":1.067,"expSpot":0.728,"expDamage":1492.263,"expWinRate":52.733},{"IDNum":62241,"expDef":0.624,"expFrag":0.895,"expSpot":1.302,"expDamage":1302.554,"expWinRate":52.311},{"IDNum":62209,"expDef":0.787,"expFrag":0.829,"expSpot":0.714,"expDamage":1235.837,"expWinRate":53.942},{"IDNum":62017,"expDef":0.626,"expFrag":0.787,"expSpot":1.010,"expDamage":1273.733,"expWinRate":52.789},{"IDNum":62001,"expDef":0.667,"expFrag":0.698,"expSpot":2.586,"expDamage":863.988,"expWinRate":51.421},{"IDNum":61985,"expDef":0.570,"expFrag":0.991,"expSpot":1.140,"expDamage":1561.334,"expWinRate":52.518},{"IDNum":61969,"expDef":1.290,"expFrag":0.934,"expSpot":0.824,"expDamage":1173.766,"expWinRate":50.335},{"IDNum":61953,"expDef":0.762,"expFrag":0.880,"expSpot":1.434,"expDamage":1173.699,"expWinRate":52.084},{"IDNum":61761,"expDef":0.744,"expFrag":0.958,"expSpot":0.679,"expDamage":1384.852,"expWinRate":51.446},{"IDNum":61729,"expDef":0.489,"expFrag":0.888,"expSpot":1.110,"expDamage":1770.330,"expWinRate":52.184},{"IDNum":61713,"expDef":1.044,"expFrag":1.006,"expSpot":0.556,"expDamage":1042.296,"expWinRate":52.532},{"IDNum":61697,"expDef":0.778,"expFrag":1.026,"expSpot":1.604,"expDamage":1883.126,"expWinRate":53.154},{"IDNum":61505,"expDef":0.866,"expFrag":0.752,"expSpot":3.070,"expDamage":816.966,"expWinRate":53.133},{"IDNum":61473,"expDef":0.604,"expFrag":0.930,"expSpot":1.095,"expDamage":1109.630,"expWinRate":54.537},{"IDNum":61457,"expDef":1.006,"expFrag":0.940,"expSpot":1.250,"expDamage":492.580,"expWinRate":54.447},{"IDNum":61441,"expDef":1.012,"expFrag":1.230,"expSpot":1.081,"expDamage":484.291,"expWinRate":56.594},{"IDNum":61249,"expDef":0.947,"expFrag":1.174,"expSpot":0.844,"expDamage":620.568,"expWinRate":54.228},{"IDNum":61217,"expDef":0.882,"expFrag":1.181,"expSpot":0.978,"expDamage":902.794,"expWinRate":55.273},{"IDNum":61185,"expDef":0.748,"expFrag":0.884,"expSpot":1.231,"expDamage":1800.583,"expWinRate":51.410},{"IDNum":60993,"expDef":0.489,"expFrag":1.131,"expSpot":1.172,"expDamage":847.327,"expWinRate":54.357},{"IDNum":60945,"expDef":0.739,"expFrag":0.957,"expSpot":1.373,"expDamage":1560.993,"expWinRate":51.512},{"IDNum":60929,"expDef":0.933,"expFrag":1.050,"expSpot":1.779,"expDamage":258.496,"expWinRate":55.687},{"IDNum":60737,"expDef":0.761,"expFrag":1.052,"expSpot":1.334,"expDamage":795.137,"expWinRate":55.405},{"IDNum":60689,"expDef":1.490,"expFrag":1.098,"expSpot":0.628,"expDamage":533.658,"expWinRate":53.400},{"IDNum":60449,"expDef":0.564,"expFrag":1.057,"expSpot":0.758,"expDamage":1514.752,"expWinRate":53.616},{"IDNum":60433,"expDef":1.505,"expFrag":1.217,"expSpot":1.839,"expDamage":221.498,"expWinRate":58.336},{"IDNum":60417,"expDef":0.499,"expFrag":1.002,"expSpot":0.932,"expDamage":1430.717,"expWinRate":53.609},{"IDNum":60193,"expDef":0.449,"expFrag":0.808,"expSpot":1.265,"expDamage":1317.072,"expWinRate":53.439},{"IDNum":60177,"expDef":0.908,"expFrag":0.805,"expSpot":1.086,"expDamage":1106.703,"expWinRate":50.871},{"IDNum":60161,"expDef":0.939,"expFrag":1.139,"expSpot":1.054,"expDamage":895.583,"expWinRate":57.111},{"IDNum":59985,"expDef":0.626,"expFrag":1.002,"expSpot":0.594,"expDamage":1401.212,"expWinRate":53.565},{"IDNum":59937,"expDef":0.735,"expFrag":1.010,"expSpot":1.183,"expDamage":1046.524,"expWinRate":55.663},{"IDNum":59905,"expDef":0.766,"expFrag":0.849,"expSpot":1.243,"expDamage":1145.914,"expWinRate":52.253},{"IDNum":59729,"expDef":0.801,"expFrag":0.667,"expSpot":2.231,"expDamage":650.505,"expWinRate":52.608},{"IDNum":59681,"expDef":0.822,"expFrag":0.966,"expSpot":1.189,"expDamage":742.933,"expWinRate":54.932},{"IDNum":59665,"expDef":1.101,"expFrag":1.254,"expSpot":1.345,"expDamage":318.280,"expWinRate":56.469},{"IDNum":59649,"expDef":0.824,"expFrag":1.110,"expSpot":0.593,"expDamage":1052.839,"expWinRate":52.920},{"IDNum":59473,"expDef":0.707,"expFrag":0.651,"expSpot":2.393,"expDamage":849.718,"expWinRate":52.425},{"IDNum":59425,"expDef":0.525,"expFrag":0.753,"expSpot":0.838,"expDamage":1276.482,"expWinRate":51.756},{"IDNum":59393,"expDef":0.918,"expFrag":1.016,"expSpot":1.457,"expDamage":786.389,"expWinRate":54.735},{"IDNum":59217,"expDef":0.519,"expFrag":0.980,"expSpot":0.855,"expDamage":815.227,"expWinRate":55.249},{"IDNum":59169,"expDef":0.708,"expFrag":0.815,"expSpot":1.245,"expDamage":1243.264,"expWinRate":52.945},{"IDNum":59137,"expDef":0.727,"expFrag":1.056,"expSpot":1.082,"expDamage":1130.291,"expWinRate":54.570},{"IDNum":58961,"expDef":0.584,"expFrag":0.738,"expSpot":2.641,"expDamage":1328.536,"expWinRate":51.285},{"IDNum":58913,"expDef":0.697,"expFrag":0.800,"expSpot":1.230,"expDamage":1219.029,"expWinRate":52.922},{"IDNum":58881,"expDef":0.672,"expFrag":0.895,"expSpot":1.041,"expDamage":1298.141,"expWinRate":53.720},{"IDNum":58705,"expDef":0.704,"expFrag":0.664,"expSpot":2.703,"expDamage":1004.018,"expWinRate":52.481},{"IDNum":58657,"expDef":0.487,"expFrag":0.772,"expSpot":1.222,"expDamage":1266.188,"expWinRate":52.860},{"IDNum":58641,"expDef":0.420,"expFrag":0.933,"expSpot":1.027,"expDamage":1980.178,"expWinRate":51.354},{"IDNum":58625,"expDef":0.638,"expFrag":0.950,"expSpot":0.437,"expDamage":1308.844,"expWinRate":51.131},{"IDNum":58449,"expDef":0.632,"expFrag":0.661,"expSpot":2.624,"expDamage":834.718,"expWinRate":52.109},{"IDNum":58369,"expDef":0.504,"expFrag":0.872,"expSpot":1.496,"expDamage":1955.367,"expWinRate":49.808},{"IDNum":58113,"expDef":0.768,"expFrag":1.084,"expSpot":1.305,"expDamage":833.108,"expWinRate":54.795},{"IDNum":57937,"expDef":0.493,"expFrag":1.050,"expSpot":1.392,"expDamage":2285.114,"expWinRate":52.361},{"IDNum":57889,"expDef":0.740,"expFrag":0.678,"expSpot":2.981,"expDamage":791.471,"expWinRate":52.182},{"IDNum":57681,"expDef":1.006,"expFrag":1.159,"expSpot":0.775,"expDamage":882.644,"expWinRate":54.480},{"IDNum":57633,"expDef":0.701,"expFrag":0.669,"expSpot":2.749,"expDamage":687.447,"expWinRate":52.462},{"IDNum":57617,"expDef":1.067,"expFrag":0.986,"expSpot":1.317,"expDamage":907.075,"expWinRate":53.379},{"IDNum":57425,"expDef":0.642,"expFrag":1.092,"expSpot":1.059,"expDamage":1607.996,"expWinRate":54.817},{"IDNum":57377,"expDef":0.751,"expFrag":0.782,"expSpot":1.313,"expDamage":1127.269,"expWinRate":51.002},{"IDNum":19745,"expDef":0.730,"expFrag":0.787,"expSpot":2.815,"expDamage":693.084,"expWinRate":52.456},{"IDNum":19729,"expDef":0.559,"expFrag":0.850,"expSpot":0.781,"expDamage":1302.221,"expWinRate":53.943},{"IDNum":19713,"expDef":0.529,"expFrag":0.890,"expSpot":1.107,"expDamage":1632.058,"expWinRate":52.699},{"IDNum":19489,"expDef":0.532,"expFrag":0.744,"expSpot":2.658,"expDamage":1361.444,"expWinRate":48.583},{"IDNum":19473,"expDef":0.421,"expFrag":0.893,"expSpot":1.018,"expDamage":1992.062,"expWinRate":50.984},{"IDNum":19457,"expDef":0.775,"expFrag":0.863,"expSpot":2.289,"expDamage":744.006,"expWinRate":52.648},{"IDNum":19217,"expDef":0.562,"expFrag":1.070,"expSpot":0.595,"expDamage":2064.326,"expWinRate":49.092},{"IDNum":19201,"expDef":0.690,"expFrag":0.792,"expSpot":3.213,"expDamage":1268.350,"expWinRate":50.103},{"IDNum":19009,"expDef":0.722,"expFrag":0.801,"expSpot":3.945,"expDamage":1342.348,"expWinRate":51.129},{"IDNum":18961,"expDef":0.700,"expFrag":0.689,"expSpot":2.005,"expDamage":778.179,"expWinRate":51.643},{"IDNum":18753,"expDef":0.847,"expFrag":0.751,"expSpot":3.547,"expDamage":1007.725,"expWinRate":53.079},{"IDNum":18721,"expDef":1.258,"expFrag":0.992,"expSpot":0.110,"expDamage":399.223,"expWinRate":54.737},{"IDNum":18705,"expDef":0.512,"expFrag":0.896,"expSpot":0.727,"expDamage":1661.646,"expWinRate":52.648},{"IDNum":18689,"expDef":0.957,"expFrag":1.175,"expSpot":1.274,"expDamage":630.987,"expWinRate":56.638},{"IDNum":18497,"expDef":0.677,"expFrag":0.676,"expSpot":2.687,"expDamage":852.729,"expWinRate":51.644},{"IDNum":18465,"expDef":1.761,"expFrag":1.019,"expSpot":0.103,"expDamage":274.461,"expWinRate":56.008},{"IDNum":18449,"expDef":0.698,"expFrag":0.683,"expSpot":2.596,"expDamage":978.308,"expWinRate":50.930},{"IDNum":18433,"expDef":0.811,"expFrag":0.703,"expSpot":2.663,"expDamage":784.613,"expWinRate":52.439},{"IDNum":18241,"expDef":0.693,"expFrag":0.761,"expSpot":2.619,"expDamage":701.209,"expWinRate":52.808},{"IDNum":18209,"expDef":0.601,"expFrag":0.670,"expSpot":2.280,"expDamage":1004.644,"expWinRate":50.474},{"IDNum":18193,"expDef":0.942,"expFrag":1.031,"expSpot":1.212,"expDamage":509.636,"expWinRate":54.526},{"IDNum":18177,"expDef":0.637,"expFrag":0.707,"expSpot":2.519,"expDamage":1023.340,"expWinRate":50.863},{"IDNum":17985,"expDef":0.694,"expFrag":0.746,"expSpot":2.227,"expDamage":513.296,"expWinRate":53.796},{"IDNum":17953,"expDef":0.775,"expFrag":0.726,"expSpot":2.511,"expDamage":786.635,"expWinRate":51.917},{"IDNum":17937,"expDef":1.229,"expFrag":1.322,"expSpot":0.793,"expDamage":452.812,"expWinRate":56.726},{"IDNum":17729,"expDef":0.568,"expFrag":1.146,"expSpot":0.720,"expDamage":2020.198,"expWinRate":50.810},{"IDNum":17665,"expDef":0.744,"expFrag":0.931,"expSpot":1.350,"expDamage":1482.568,"expWinRate":51.176},{"IDNum":17473,"expDef":0.742,"expFrag":0.729,"expSpot":2.532,"expDamage":826.092,"expWinRate":51.609},{"IDNum":17425,"expDef":0.946,"expFrag":1.002,"expSpot":1.290,"expDamage":397.815,"expWinRate":55.993},{"IDNum":17217,"expDef":0.564,"expFrag":0.853,"expSpot":2.592,"expDamage":1410.075,"expWinRate":48.574},{"IDNum":17169,"expDef":1.104,"expFrag":1.283,"expSpot":1.285,"expDamage":308.942,"expWinRate":57.245},{"IDNum":17153,"expDef":0.776,"expFrag":1.010,"expSpot":1.460,"expDamage":1806.281,"expWinRate":48.968},{"IDNum":16961,"expDef":0.479,"expFrag":0.829,"expSpot":1.208,"expDamage":1906.115,"expWinRate":49.248},{"IDNum":16913,"expDef":0.725,"expFrag":1.262,"expSpot":0.471,"expDamage":2155.618,"expWinRate":48.731},{"IDNum":16897,"expDef":0.772,"expFrag":0.967,"expSpot":1.438,"expDamage":1807.680,"expWinRate":48.747},{"IDNum":16705,"expDef":0.507,"expFrag":0.913,"expSpot":1.161,"expDamage":1758.011,"expWinRate":52.632},{"IDNum":16673,"expDef":0.720,"expFrag":0.613,"expSpot":2.239,"expDamage":534.680,"expWinRate":52.417},{"IDNum":16657,"expDef":0.934,"expFrag":1.076,"expSpot":0.464,"expDamage":1476.039,"expWinRate":50.922},{"IDNum":16641,"expDef":0.772,"expFrag":0.673,"expSpot":2.618,"expDamage":474.997,"expWinRate":52.773},{"IDNum":16449,"expDef":0.629,"expFrag":0.753,"expSpot":0.727,"expDamage":1196.479,"expWinRate":51.749},{"IDNum":16417,"expDef":1.326,"expFrag":1.018,"expSpot":0.059,"expDamage":812.154,"expWinRate":53.576},{"IDNum":16401,"expDef":0.815,"expFrag":1.033,"expSpot":0.520,"expDamage":1739.394,"expWinRate":50.207},{"IDNum":16385,"expDef":1.228,"expFrag":1.033,"expSpot":0.082,"expDamage":582.818,"expWinRate":53.437},{"IDNum":16161,"expDef":0.892,"expFrag":0.851,"expSpot":0.032,"expDamage":1471.987,"expWinRate":50.755},{"IDNum":16145,"expDef":1.068,"expFrag":1.057,"expSpot":0.658,"expDamage":593.152,"expWinRate":52.537},{"IDNum":16129,"expDef":0.882,"expFrag":0.883,"expSpot":0.036,"expDamage":979.335,"expWinRate":51.893},{"IDNum":15953,"expDef":0.571,"expFrag":0.983,"expSpot":0.718,"expDamage":2023.521,"expWinRate":51.178},{"IDNum":15937,"expDef":2.051,"expFrag":1.381,"expSpot":0.943,"expDamage":231.675,"expWinRate":59.030},{"IDNum":15905,"expDef":0.721,"expFrag":0.972,"expSpot":1.296,"expDamage":1934.861,"expWinRate":49.463},{"IDNum":15889,"expDef":1.017,"expFrag":0.943,"expSpot":1.307,"expDamage":721.315,"expWinRate":53.530},{"IDNum":15873,"expDef":1.306,"expFrag":0.928,"expSpot":1.493,"expDamage":333.844,"expWinRate":55.677},{"IDNum":15697,"expDef":0.497,"expFrag":0.897,"expSpot":1.031,"expDamage":2022.966,"expWinRate":49.056},{"IDNum":15681,"expDef":0.773,"expFrag":0.929,"expSpot":1.333,"expDamage":1561.431,"expWinRate":51.046},{"IDNum":15649,"expDef":0.673,"expFrag":0.728,"expSpot":2.358,"expDamage":720.328,"expWinRate":51.444},{"IDNum":15633,"expDef":1.540,"expFrag":1.060,"expSpot":0.089,"expDamage":416.681,"expWinRate":54.922},{"IDNum":15617,"expDef":0.759,"expFrag":1.120,"expSpot":1.539,"expDamage":1967.899,"expWinRate":51.704},{"IDNum":15441,"expDef":0.817,"expFrag":0.791,"expSpot":1.090,"expDamage":1137.370,"expWinRate":52.443},{"IDNum":15425,"expDef":0.752,"expFrag":0.930,"expSpot":1.369,"expDamage":1797.293,"expWinRate":49.087},{"IDNum":15393,"expDef":0.745,"expFrag":1.043,"expSpot":0.944,"expDamage":1601.736,"expWinRate":50.397},{"IDNum":15377,"expDef":0.752,"expFrag":0.829,"expSpot":0.027,"expDamage":1211.483,"expWinRate":51.127},{"IDNum":15361,"expDef":1.684,"expFrag":1.316,"expSpot":1.309,"expDamage":230.809,"expWinRate":58.990},{"IDNum":15169,"expDef":1.687,"expFrag":1.287,"expSpot":0.844,"expDamage":224.542,"expWinRate":57.820},{"IDNum":15137,"expDef":0.675,"expFrag":0.614,"expSpot":2.121,"expDamage":504.165,"expWinRate":52.460},{"IDNum":15121,"expDef":0.985,"expFrag":1.172,"expSpot":0.162,"expDamage":190.285,"expWinRate":56.666},{"IDNum":15105,"expDef":1.524,"expFrag":1.218,"expSpot":1.324,"expDamage":301.432,"expWinRate":56.672},{"IDNum":14913,"expDef":1.177,"expFrag":0.938,"expSpot":0.884,"expDamage":387.065,"expWinRate":55.131},{"IDNum":14881,"expDef":0.592,"expFrag":1.026,"expSpot":0.833,"expDamage":1995.475,"expWinRate":48.588},{"IDNum":14865,"expDef":0.828,"expFrag":0.919,"expSpot":1.167,"expDamage":1560.192,"expWinRate":50.424},{"IDNum":14673,"expDef":0.899,"expFrag":0.952,"expSpot":0.730,"expDamage":1345.863,"expWinRate":50.969},{"IDNum":14657,"expDef":1.493,"expFrag":0.983,"expSpot":0.098,"expDamage":391.762,"expWinRate":54.635},{"IDNum":14625,"expDef":1.011,"expFrag":0.910,"expSpot":1.241,"expDamage":1161.089,"expWinRate":50.988},{"IDNum":14609,"expDef":0.807,"expFrag":0.960,"expSpot":1.304,"expDamage":1847.101,"expWinRate":48.371},{"IDNum":14417,"expDef":1.126,"expFrag":0.993,"expSpot":0.835,"expDamage":771.024,"expWinRate":53.085},{"IDNum":14401,"expDef":0.944,"expFrag":0.861,"expSpot":0.039,"expDamage":1397.667,"expWinRate":50.538},{"IDNum":14353,"expDef":0.686,"expFrag":0.594,"expSpot":1.978,"expDamage":668.370,"expWinRate":51.628},{"IDNum":14337,"expDef":0.684,"expFrag":1.038,"expSpot":0.904,"expDamage":2014.679,"expWinRate":49.005},{"IDNum":14161,"expDef":0.972,"expFrag":1.043,"expSpot":0.795,"expDamage":1074.228,"expWinRate":52.933},{"IDNum":14145,"expDef":0.736,"expFrag":0.623,"expSpot":2.365,"expDamage":407.502,"expWinRate":53.332},{"IDNum":14113,"expDef":0.663,"expFrag":0.944,"expSpot":1.308,"expDamage":1872.486,"expWinRate":49.055},{"IDNum":14097,"expDef":1.091,"expFrag":0.960,"expSpot":1.558,"expDamage":707.787,"expWinRate":54.600},{"IDNum":13905,"expDef":0.389,"expFrag":1.101,"expSpot":0.408,"expDamage":2075.085,"expWinRate":49.786},{"IDNum":13889,"expDef":0.608,"expFrag":1.102,"expSpot":0.803,"expDamage":2063.655,"expWinRate":49.658},{"IDNum":13857,"expDef":0.482,"expFrag":1.004,"expSpot":0.717,"expDamage":2068.434,"expWinRate":50.867},{"IDNum":13841,"expDef":0.980,"expFrag":0.818,"expSpot":1.155,"expDamage":1134.017,"expWinRate":51.355},{"IDNum":13825,"expDef":0.739,"expFrag":0.940,"expSpot":1.397,"expDamage":1760.908,"expWinRate":48.610},{"IDNum":13585,"expDef":1.262,"expFrag":1.067,"expSpot":1.561,"expDamage":371.337,"expWinRate":57.285},{"IDNum":13569,"expDef":0.633,"expFrag":1.044,"expSpot":0.733,"expDamage":2056.649,"expWinRate":48.593},{"IDNum":13393,"expDef":1.449,"expFrag":1.049,"expSpot":0.512,"expDamage":589.207,"expWinRate":54.154},{"IDNum":13345,"expDef":0.953,"expFrag":0.845,"expSpot":1.006,"expDamage":1141.050,"expWinRate":51.269},{"IDNum":13329,"expDef":1.268,"expFrag":1.182,"expSpot":1.042,"expDamage":411.175,"expWinRate":55.797},{"IDNum":13313,"expDef":0.881,"expFrag":0.876,"expSpot":1.222,"expDamage":1158.014,"expWinRate":50.442},{"IDNum":13137,"expDef":0.737,"expFrag":1.015,"expSpot":0.554,"expDamage":1679.117,"expWinRate":50.574},{"IDNum":13121,"expDef":1.501,"expFrag":1.250,"expSpot":1.070,"expDamage":327.822,"expWinRate":58.331},{"IDNum":13089,"expDef":0.518,"expFrag":0.985,"expSpot":0.766,"expDamage":2034.885,"expWinRate":49.469},{"IDNum":13073,"expDef":1.414,"expFrag":1.007,"expSpot":1.617,"expDamage":279.600,"expWinRate":58.165},{"IDNum":12881,"expDef":0.940,"expFrag":0.991,"expSpot":1.360,"expDamage":502.233,"expWinRate":54.700},{"IDNum":12817,"expDef":1.356,"expFrag":1.293,"expSpot":2.009,"expDamage":209.309,"expWinRate":58.298},{"IDNum":12577,"expDef":0.907,"expFrag":0.973,"expSpot":1.721,"expDamage":504.701,"expWinRate":55.965},{"IDNum":12561,"expDef":1.330,"expFrag":1.177,"expSpot":2.639,"expDamage":265.150,"expWinRate":56.402},{"IDNum":12545,"expDef":0.822,"expFrag":0.920,"expSpot":1.548,"expDamage":911.472,"expWinRate":52.808},{"IDNum":12369,"expDef":0.773,"expFrag":0.799,"expSpot":0.024,"expDamage":1718.531,"expWinRate":50.499},{"IDNum":12305,"expDef":0.675,"expFrag":0.917,"expSpot":1.331,"expDamage":1848.596,"expWinRate":49.336},{"IDNum":12289,"expDef":1.057,"expFrag":0.991,"expSpot":1.807,"expDamage":684.720,"expWinRate":54.427},{"IDNum":12113,"expDef":0.859,"expFrag":0.854,"expSpot":0.029,"expDamage":1186.829,"expWinRate":50.980},{"IDNum":12097,"expDef":0.920,"expFrag":0.927,"expSpot":0.739,"expDamage":1283.096,"expWinRate":51.150},{"IDNum":12049,"expDef":0.433,"expFrag":1.020,"expSpot":0.621,"expDamage":2028.516,"expWinRate":50.557},{"IDNum":12033,"expDef":0.890,"expFrag":0.976,"expSpot":0.797,"expDamage":1551.235,"expWinRate":49.243},{"IDNum":11857,"expDef":1.849,"expFrag":1.001,"expSpot":0.157,"expDamage":767.028,"expWinRate":53.651},{"IDNum":11841,"expDef":0.973,"expFrag":0.945,"expSpot":0.055,"expDamage":1595.534,"expWinRate":49.842},{"IDNum":11809,"expDef":1.189,"expFrag":1.007,"expSpot":1.636,"expDamage":873.206,"expWinRate":52.261},{"IDNum":11793,"expDef":1.104,"expFrag":1.010,"expSpot":0.566,"expDamage":821.817,"expWinRate":51.455},{"IDNum":11777,"expDef":1.084,"expFrag":1.148,"expSpot":0.836,"expDamage":626.329,"expWinRate":54.984},{"IDNum":11601,"expDef":0.775,"expFrag":0.854,"expSpot":0.029,"expDamage":1441.001,"expWinRate":50.614},{"IDNum":11585,"expDef":1.055,"expFrag":0.941,"expSpot":0.611,"expDamage":745.508,"expWinRate":53.034},{"IDNum":11553,"expDef":1.142,"expFrag":1.003,"expSpot":1.212,"expDamage":790.153,"expWinRate":53.460},{"IDNum":11537,"expDef":0.874,"expFrag":0.994,"expSpot":0.683,"expDamage":1384.109,"expWinRate":51.220},{"IDNum":11521,"expDef":0.694,"expFrag":0.864,"expSpot":1.139,"expDamage":1536.003,"expWinRate":50.448},{"IDNum":11345,"expDef":1.523,"expFrag":0.887,"expSpot":0.062,"expDamage":943.495,"expWinRate":52.415},{"IDNum":11297,"expDef":0.901,"expFrag":0.941,"expSpot":0.515,"expDamage":1346.057,"expWinRate":51.203},{"IDNum":11281,"expDef":1.515,"expFrag":1.271,"expSpot":0.776,"expDamage":492.680,"expWinRate":56.129},{"IDNum":11265,"expDef":0.836,"expFrag":0.994,"expSpot":0.885,"expDamage":800.934,"expWinRate":54.480},{"IDNum":11089,"expDef":1.527,"expFrag":1.112,"expSpot":0.106,"expDamage":597.024,"expWinRate":55.109},{"IDNum":11073,"expDef":0.787,"expFrag":1.014,"expSpot":0.875,"expDamage":1646.194,"expWinRate":51.791},{"IDNum":11041,"expDef":1.138,"expFrag":0.921,"expSpot":0.885,"expDamage":982.051,"expWinRate":53.057},{"IDNum":11025,"expDef":0.959,"expFrag":0.975,"expSpot":0.462,"expDamage":1020.064,"expWinRate":50.955},{"IDNum":11009,"expDef":0.817,"expFrag":0.816,"expSpot":0.809,"expDamage":1206.355,"expWinRate":52.190},{"IDNum":10833,"expDef":1.784,"expFrag":0.962,"expSpot":0.092,"expDamage":361.184,"expWinRate":54.401},{"IDNum":10817,"expDef":1.037,"expFrag":0.895,"expSpot":0.669,"expDamage":986.155,"expWinRate":53.279},{"IDNum":10785,"expDef":0.661,"expFrag":0.876,"expSpot":1.225,"expDamage":1847.204,"expWinRate":49.023},{"IDNum":10769,"expDef":0.993,"expFrag":0.908,"expSpot":0.932,"expDamage":1056.202,"expWinRate":54.166},{"IDNum":10753,"expDef":0.650,"expFrag":0.868,"expSpot":0.911,"expDamage":1584.727,"expWinRate":51.437},{"IDNum":10577,"expDef":1.143,"expFrag":1.299,"expSpot":0.202,"expDamage":195.558,"expWinRate":56.663},{"IDNum":10529,"expDef":1.352,"expFrag":1.154,"expSpot":1.372,"expDamage":599.071,"expWinRate":54.451},{"IDNum":10513,"expDef":0.875,"expFrag":0.847,"expSpot":1.153,"expDamage":1222.174,"expWinRate":52.186},{"IDNum":10497,"expDef":0.660,"expFrag":1.038,"expSpot":0.688,"expDamage":817.574,"expWinRate":53.523},{"IDNum":10273,"expDef":1.527,"expFrag":1.185,"expSpot":1.214,"expDamage":454.875,"expWinRate":57.091},{"IDNum":10257,"expDef":0.719,"expFrag":0.915,"expSpot":1.281,"expDamage":1553.072,"expWinRate":51.347},{"IDNum":10241,"expDef":1.068,"expFrag":1.006,"expSpot":0.832,"expDamage":1025.092,"expWinRate":53.299},{"IDNum":10065,"expDef":1.244,"expFrag":1.028,"expSpot":0.635,"expDamage":1101.852,"expWinRate":55.412},{"IDNum":10049,"expDef":1.285,"expFrag":1.171,"expSpot":0.705,"expDamage":619.147,"expWinRate":54.179},{"IDNum":10017,"expDef":1.079,"expFrag":0.983,"expSpot":1.121,"expDamage":708.417,"expWinRate":54.426},{"IDNum":10001,"expDef":0.623,"expFrag":0.625,"expSpot":2.373,"expDamage":494.984,"expWinRate":52.490},{"IDNum":9985,"expDef":0.891,"expFrag":0.930,"expSpot":0.815,"expDamage":1275.282,"expWinRate":51.180},{"IDNum":9809,"expDef":1.115,"expFrag":0.931,"expSpot":0.414,"expDamage":744.781,"expWinRate":53.262},{"IDNum":9793,"expDef":1.183,"expFrag":1.279,"expSpot":0.558,"expDamage":432.261,"expWinRate":57.101},{"IDNum":9761,"expDef":0.685,"expFrag":0.608,"expSpot":2.585,"expDamage":404.036,"expWinRate":53.267},{"IDNum":9745,"expDef":0.704,"expFrag":0.871,"expSpot":0.978,"expDamage":1549.479,"expWinRate":51.443},{"IDNum":9553,"expDef":1.349,"expFrag":1.001,"expSpot":0.646,"expDamage":758.898,"expWinRate":55.663},{"IDNum":9505,"expDef":0.702,"expFrag":0.847,"expSpot":1.057,"expDamage":1530.026,"expWinRate":50.411},{"IDNum":9489,"expDef":0.500,"expFrag":0.893,"expSpot":0.945,"expDamage":1885.478,"expWinRate":50.068},{"IDNum":9473,"expDef":0.962,"expFrag":0.806,"expSpot":2.349,"expDamage":379.809,"expWinRate":55.109},{"IDNum":9297,"expDef":0.468,"expFrag":1.044,"expSpot":0.515,"expDamage":2003.407,"expWinRate":48.996},{"IDNum":9249,"expDef":1.097,"expFrag":1.013,"expSpot":0.754,"expDamage":1040.028,"expWinRate":53.250},{"IDNum":9233,"expDef":0.632,"expFrag":0.871,"expSpot":0.031,"expDamage":1659.738,"expWinRate":49.602},{"IDNum":9217,"expDef":0.790,"expFrag":0.980,"expSpot":1.083,"expDamage":1310.575,"expWinRate":51.979},{"IDNum":9041,"expDef":1.537,"expFrag":1.214,"expSpot":1.148,"expDamage":441.875,"expWinRate":56.843},{"IDNum":8993,"expDef":0.739,"expFrag":0.930,"expSpot":1.371,"expDamage":1537.877,"expWinRate":50.932},{"IDNum":8977,"expDef":0.973,"expFrag":0.956,"expSpot":0.044,"expDamage":1134.126,"expWinRate":51.195},{"IDNum":8961,"expDef":0.994,"expFrag":0.898,"expSpot":1.437,"expDamage":847.107,"expWinRate":54.338},{"IDNum":8785,"expDef":1.667,"expFrag":1.092,"expSpot":0.735,"expDamage":546.664,"expWinRate":56.945},{"IDNum":8737,"expDef":0.578,"expFrag":1.070,"expSpot":0.539,"expDamage":1784.405,"expWinRate":53.068},{"IDNum":8721,"expDef":0.693,"expFrag":0.886,"expSpot":0.033,"expDamage":1454.708,"expWinRate":50.059},{"IDNum":8705,"expDef":0.748,"expFrag":0.882,"expSpot":0.038,"expDamage":1651.638,"expWinRate":49.275},{"IDNum":8529,"expDef":1.168,"expFrag":0.960,"expSpot":0.608,"expDamage":1330.534,"expWinRate":52.427},{"IDNum":8497,"expDef":0.516,"expFrag":1.014,"expSpot":0.634,"expDamage":2045.737,"expWinRate":49.851},{"IDNum":8481,"expDef":0.633,"expFrag":0.831,"expSpot":0.029,"expDamage":1645.477,"expWinRate":49.522},{"IDNum":8465,"expDef":0.935,"expFrag":0.805,"expSpot":1.216,"expDamage":1098.789,"expWinRate":52.443},{"IDNum":8449,"expDef":0.737,"expFrag":0.930,"expSpot":0.026,"expDamage":1508.688,"expWinRate":50.175},{"IDNum":8273,"expDef":1.547,"expFrag":1.654,"expSpot":1.128,"expDamage":275.918,"expWinRate":58.335},{"IDNum":8257,"expDef":1.779,"expFrag":1.394,"expSpot":0.912,"expDamage":356.964,"expWinRate":59.375},{"IDNum":8241,"expDef":0.577,"expFrag":1.077,"expSpot":0.498,"expDamage":1812.677,"expWinRate":51.221},{"IDNum":8225,"expDef":0.876,"expFrag":0.975,"expSpot":0.534,"expDamage":1369.705,"expWinRate":52.453},{"IDNum":8209,"expDef":1.146,"expFrag":0.911,"expSpot":2.102,"expDamage":330.054,"expWinRate":56.715},{"IDNum":8193,"expDef":0.760,"expFrag":1.121,"expSpot":0.607,"expDamage":1850.358,"expWinRate":50.521},{"IDNum":8017,"expDef":1.745,"expFrag":1.534,"expSpot":0.753,"expDamage":363.855,"expWinRate":58.013},{"IDNum":7985,"expDef":0.647,"expFrag":0.943,"expSpot":0.462,"expDamage":1340.223,"expWinRate":50.920},{"IDNum":7969,"expDef":1.026,"expFrag":0.931,"expSpot":0.051,"expDamage":1079.391,"expWinRate":51.765},{"IDNum":7953,"expDef":0.755,"expFrag":1.031,"expSpot":0.599,"expDamage":1756.423,"expWinRate":51.163},{"IDNum":7937,"expDef":0.781,"expFrag":0.893,"expSpot":1.569,"expDamage":1412.585,"expWinRate":50.974},{"IDNum":7761,"expDef":1.255,"expFrag":1.391,"expSpot":1.741,"expDamage":248.184,"expWinRate":57.104},{"IDNum":7745,"expDef":1.795,"expFrag":1.813,"expSpot":0.747,"expDamage":301.131,"expWinRate":58.757},{"IDNum":7729,"expDef":0.849,"expFrag":1.085,"expSpot":0.607,"expDamage":1034.880,"expWinRate":53.494},{"IDNum":7713,"expDef":1.447,"expFrag":1.290,"expSpot":0.943,"expDamage":494.313,"expWinRate":56.499},{"IDNum":7697,"expDef":0.938,"expFrag":1.009,"expSpot":0.576,"expDamage":1396.556,"expWinRate":51.651},{"IDNum":7681,"expDef":1.735,"expFrag":1.177,"expSpot":0.121,"expDamage":447.259,"expWinRate":53.819},{"IDNum":7505,"expDef":1.106,"expFrag":1.229,"expSpot":1.613,"expDamage":320.075,"expWinRate":57.085},{"IDNum":7489,"expDef":1.001,"expFrag":0.880,"expSpot":0.054,"expDamage":1249.971,"expWinRate":50.786},{"IDNum":7473,"expDef":0.851,"expFrag":1.040,"expSpot":0.618,"expDamage":795.518,"expWinRate":54.116},{"IDNum":7457,"expDef":0.823,"expFrag":0.894,"expSpot":0.037,"expDamage":1304.045,"expWinRate":51.139},{"IDNum":7441,"expDef":0.601,"expFrag":0.848,"expSpot":0.922,"expDamage":1544.771,"expWinRate":51.783},{"IDNum":7425,"expDef":0.773,"expFrag":1.045,"expSpot":0.510,"expDamage":1402.971,"expWinRate":50.359},{"IDNum":7249,"expDef":0.683,"expFrag":0.922,"expSpot":1.346,"expDamage":1827.092,"expWinRate":49.245},{"IDNum":7233,"expDef":1.165,"expFrag":0.900,"expSpot":0.062,"expDamage":1100.461,"expWinRate":51.503},{"IDNum":7217,"expDef":0.881,"expFrag":1.063,"expSpot":0.484,"expDamage":586.661,"expWinRate":55.214},{"IDNum":7201,"expDef":1.098,"expFrag":1.000,"expSpot":0.834,"expDamage":792.244,"expWinRate":54.058},{"IDNum":7185,"expDef":0.866,"expFrag":0.943,"expSpot":1.242,"expDamage":732.758,"expWinRate":54.315},{"IDNum":7169,"expDef":0.578,"expFrag":0.853,"expSpot":1.229,"expDamage":1814.104,"expWinRate":49.537},{"IDNum":6993,"expDef":1.038,"expFrag":1.327,"expSpot":0.906,"expDamage":295.992,"expWinRate":56.447},{"IDNum":6977,"expDef":0.978,"expFrag":0.878,"expSpot":0.925,"expDamage":1027.990,"expWinRate":53.537},{"IDNum":6961,"expDef":1.133,"expFrag":1.401,"expSpot":0.659,"expDamage":514.112,"expWinRate":56.956},{"IDNum":6945,"expDef":1.337,"expFrag":1.119,"expSpot":0.928,"expDamage":577.200,"expWinRate":54.983},{"IDNum":6929,"expDef":0.595,"expFrag":0.898,"expSpot":0.860,"expDamage":1885.142,"expWinRate":51.745},{"IDNum":6913,"expDef":1.382,"expFrag":1.297,"expSpot":0.816,"expDamage":494.452,"expWinRate":56.077},{"IDNum":6721,"expDef":1.037,"expFrag":1.134,"expSpot":0.857,"expDamage":633.634,"expWinRate":55.336},{"IDNum":6705,"expDef":1.314,"expFrag":1.550,"expSpot":0.627,"expDamage":373.050,"expWinRate":57.859},{"IDNum":6673,"expDef":1.527,"expFrag":1.366,"expSpot":0.906,"expDamage":389.657,"expWinRate":58.901},{"IDNum":6657,"expDef":1.046,"expFrag":0.910,"expSpot":1.420,"expDamage":865.701,"expWinRate":53.950},{"IDNum":6481,"expDef":1.036,"expFrag":0.889,"expSpot":1.670,"expDamage":325.005,"expWinRate":55.307},{"IDNum":6465,"expDef":0.681,"expFrag":0.665,"expSpot":1.932,"expDamage":522.513,"expWinRate":52.314},{"IDNum":6449,"expDef":1.258,"expFrag":1.699,"expSpot":0.474,"expDamage":277.684,"expWinRate":60.904},{"IDNum":6433,"expDef":1.330,"expFrag":1.455,"expSpot":1.148,"expDamage":361.043,"expWinRate":58.174},{"IDNum":6417,"expDef":1.013,"expFrag":0.927,"expSpot":1.528,"expDamage":464.906,"expWinRate":54.893},{"IDNum":6401,"expDef":1.629,"expFrag":1.463,"expSpot":0.789,"expDamage":379.315,"expWinRate":57.403},{"IDNum":6225,"expDef":0.639,"expFrag":0.878,"expSpot":1.054,"expDamage":1858.893,"expWinRate":48.943},{"IDNum":6209,"expDef":0.684,"expFrag":1.004,"expSpot":0.953,"expDamage":1924.029,"expWinRate":48.543},{"IDNum":6193,"expDef":0.475,"expFrag":0.915,"expSpot":1.258,"expDamage":2014.250,"expWinRate":49.025},{"IDNum":6177,"expDef":1.560,"expFrag":1.836,"expSpot":1.053,"expDamage":281.236,"expWinRate":56.789},{"IDNum":6161,"expDef":1.066,"expFrag":0.892,"expSpot":2.477,"expDamage":349.935,"expWinRate":56.461},{"IDNum":6145,"expDef":0.672,"expFrag":0.877,"expSpot":1.082,"expDamage":1840.605,"expWinRate":49.369},{"IDNum":5985,"expDef":1.172,"expFrag":1.444,"expSpot":1.192,"expDamage":239.569,"expWinRate":57.362},{"IDNum":5969,"expDef":0.904,"expFrag":0.776,"expSpot":1.242,"expDamage":1112.948,"expWinRate":52.569},{"IDNum":5953,"expDef":1.683,"expFrag":1.115,"expSpot":0.917,"expDamage":258.556,"expWinRate":58.560},{"IDNum":5937,"expDef":0.578,"expFrag":0.751,"expSpot":2.676,"expDamage":1337.921,"expWinRate":48.279},{"IDNum":5921,"expDef":0.994,"expFrag":0.828,"expSpot":1.391,"expDamage":1121.246,"expWinRate":52.050},{"IDNum":5905,"expDef":1.592,"expFrag":0.999,"expSpot":0.147,"expDamage":359.205,"expWinRate":52.101},{"IDNum":5889,"expDef":0.828,"expFrag":0.993,"expSpot":0.819,"expDamage":1084.691,"expWinRate":53.816},{"IDNum":5729,"expDef":0.830,"expFrag":1.264,"expSpot":1.141,"expDamage":716.031,"expWinRate":54.985},{"IDNum":5713,"expDef":0.795,"expFrag":0.877,"expSpot":1.204,"expDamage":1535.653,"expWinRate":50.871},{"IDNum":5697,"expDef":0.861,"expFrag":0.988,"expSpot":1.384,"expDamage":1438.258,"expWinRate":50.869},{"IDNum":5681,"expDef":0.600,"expFrag":0.694,"expSpot":2.469,"expDamage":1059.983,"expWinRate":49.838},{"IDNum":5665,"expDef":1.466,"expFrag":1.337,"expSpot":1.537,"expDamage":237.862,"expWinRate":57.654},{"IDNum":5649,"expDef":1.543,"expFrag":1.067,"expSpot":0.101,"expDamage":631.902,"expWinRate":53.065},{"IDNum":5633,"expDef":1.170,"expFrag":1.031,"expSpot":0.066,"expDamage":978.025,"expWinRate":51.138},{"IDNum":5505,"expDef":0.562,"expFrag":1.004,"expSpot":1.165,"expDamage":1960.806,"expWinRate":50.019},{"IDNum":5473,"expDef":0.643,"expFrag":1.046,"expSpot":0.796,"expDamage":840.563,"expWinRate":54.413},{"IDNum":5457,"expDef":1.050,"expFrag":0.927,"expSpot":1.607,"expDamage":882.068,"expWinRate":53.002},{"IDNum":5425,"expDef":0.553,"expFrag":0.870,"expSpot":1.337,"expDamage":1832.755,"expWinRate":49.844},{"IDNum":5409,"expDef":0.912,"expFrag":0.789,"expSpot":1.907,"expDamage":380.566,"expWinRate":53.703},{"IDNum":5393,"expDef":0.717,"expFrag":0.683,"expSpot":2.269,"expDamage":392.820,"expWinRate":53.890},{"IDNum":5377,"expDef":0.788,"expFrag":0.878,"expSpot":0.994,"expDamage":1278.215,"expWinRate":51.637},{"IDNum":5249,"expDef":0.635,"expFrag":0.917,"expSpot":1.133,"expDamage":1582.279,"expWinRate":51.035},{"IDNum":5217,"expDef":0.635,"expFrag":0.958,"expSpot":0.972,"expDamage":1110.502,"expWinRate":55.084},{"IDNum":5201,"expDef":1.420,"expFrag":1.438,"expSpot":1.253,"expDamage":256.213,"expWinRate":57.123},{"IDNum":5185,"expDef":0.794,"expFrag":0.752,"expSpot":2.124,"expDamage":695.586,"expWinRate":52.309},{"IDNum":5169,"expDef":1.027,"expFrag":0.952,"expSpot":1.462,"expDamage":689.084,"expWinRate":54.093},{"IDNum":5153,"expDef":1.049,"expFrag":0.848,"expSpot":2.250,"expDamage":295.458,"expWinRate":56.461},{"IDNum":5137,"expDef":0.886,"expFrag":0.831,"expSpot":0.954,"expDamage":1235.780,"expWinRate":51.739},{"IDNum":5121,"expDef":1.763,"expFrag":1.650,"expSpot":0.435,"expDamage":292.833,"expWinRate":58.631},{"IDNum":4993,"expDef":0.631,"expFrag":0.885,"expSpot":1.203,"expDamage":1268.342,"expWinRate":51.632},{"IDNum":4961,"expDef":0.626,"expFrag":0.800,"expSpot":0.742,"expDamage":1276.305,"expWinRate":52.702},{"IDNum":4945,"expDef":1.282,"expFrag":0.818,"expSpot":0.776,"expDamage":323.745,"expWinRate":54.825},{"IDNum":4929,"expDef":0.704,"expFrag":0.760,"expSpot":2.255,"expDamage":983.170,"expWinRate":51.152},{"IDNum":4913,"expDef":0.741,"expFrag":0.726,"expSpot":2.378,"expDamage":504.393,"expWinRate":52.732},{"IDNum":4897,"expDef":1.182,"expFrag":1.306,"expSpot":1.407,"expDamage":304.087,"expWinRate":57.074},{"IDNum":4881,"expDef":1.120,"expFrag":1.173,"expSpot":1.781,"expDamage":285.416,"expWinRate":57.583},{"IDNum":4865,"expDef":1.409,"expFrag":0.952,"expSpot":0.098,"expDamage":546.675,"expWinRate":50.760},{"IDNum":4737,"expDef":0.843,"expFrag":1.056,"expSpot":0.652,"expDamage":2117.796,"expWinRate":50.226},{"IDNum":4705,"expDef":1.061,"expFrag":1.156,"expSpot":0.730,"expDamage":322.965,"expWinRate":55.217},{"IDNum":4689,"expDef":1.184,"expFrag":0.979,"expSpot":0.729,"expDamage":766.421,"expWinRate":54.568},{"IDNum":4673,"expDef":1.449,"expFrag":1.034,"expSpot":0.076,"expDamage":928.816,"expWinRate":52.627},{"IDNum":4657,"expDef":1.124,"expFrag":0.992,"expSpot":1.370,"expDamage":486.804,"expWinRate":54.247},{"IDNum":4641,"expDef":1.560,"expFrag":1.006,"expSpot":0.125,"expDamage":391.073,"expWinRate":53.622},{"IDNum":4625,"expDef":1.615,"expFrag":1.010,"expSpot":0.164,"expDamage":405.333,"expWinRate":53.889},{"IDNum":4609,"expDef":1.806,"expFrag":1.381,"expSpot":1.075,"expDamage":239.608,"expWinRate":57.293},{"IDNum":4481,"expDef":0.886,"expFrag":1.000,"expSpot":0.576,"expDamage":1758.370,"expWinRate":50.634},{"IDNum":4449,"expDef":1.088,"expFrag":1.080,"expSpot":0.714,"expDamage":375.084,"expWinRate":54.456},{"IDNum":4433,"expDef":0.617,"expFrag":0.862,"expSpot":1.017,"expDamage":1648.596,"expWinRate":51.270},{"IDNum":4417,"expDef":1.013,"expFrag":0.997,"expSpot":1.136,"expDamage":488.097,"expWinRate":54.264},{"IDNum":4401,"expDef":1.421,"expFrag":1.269,"expSpot":1.194,"expDamage":322.246,"expWinRate":57.557},{"IDNum":4385,"expDef":0.923,"expFrag":0.860,"expSpot":1.151,"expDamage":1240.424,"expWinRate":52.413},{"IDNum":4369,"expDef":1.112,"expFrag":1.028,"expSpot":1.823,"expDamage":355.661,"expWinRate":57.623},{"IDNum":4353,"expDef":0.866,"expFrag":0.821,"expSpot":1.434,"expDamage":1065.984,"expWinRate":52.219},{"IDNum":4225,"expDef":0.900,"expFrag":0.924,"expSpot":0.582,"expDamage":1372.486,"expWinRate":50.565},{"IDNum":4193,"expDef":0.467,"expFrag":0.812,"expSpot":0.694,"expDamage":1549.306,"expWinRate":51.838},{"IDNum":4161,"expDef":2.194,"expFrag":1.110,"expSpot":0.098,"expDamage":622.791,"expWinRate":53.289},{"IDNum":4145,"expDef":0.650,"expFrag":0.925,"expSpot":1.277,"expDamage":1802.635,"expWinRate":49.266},{"IDNum":4129,"expDef":1.396,"expFrag":1.000,"expSpot":0.078,"expDamage":837.052,"expWinRate":51.349},{"IDNum":4113,"expDef":1.027,"expFrag":0.941,"expSpot":1.537,"expDamage":887.974,"expWinRate":53.443},{"IDNum":4097,"expDef":0.732,"expFrag":0.915,"expSpot":0.021,"expDamage":1287.206,"expWinRate":50.942},{"IDNum":3969,"expDef":1.083,"expFrag":0.941,"expSpot":0.579,"expDamage":985.723,"expWinRate":52.214},{"IDNum":3937,"expDef":0.432,"expFrag":0.917,"expSpot":0.798,"expDamage":2104.337,"expWinRate":51.261},{"IDNum":3921,"expDef":0.823,"expFrag":0.824,"expSpot":1.043,"expDamage":1263.916,"expWinRate":52.648},{"IDNum":3905,"expDef":0.764,"expFrag":0.961,"expSpot":0.850,"expDamage":1593.522,"expWinRate":50.361},{"IDNum":3889,"expDef":0.633,"expFrag":0.666,"expSpot":2.480,"expDamage":856.734,"expWinRate":51.776},{"IDNum":3873,"expDef":0.954,"expFrag":0.993,"expSpot":1.061,"expDamage":1139.724,"expWinRate":53.987},{"IDNum":3857,"expDef":1.027,"expFrag":0.998,"expSpot":0.680,"expDamage":1043.647,"expWinRate":53.021},{"IDNum":3841,"expDef":1.421,"expFrag":1.242,"expSpot":0.120,"expDamage":214.494,"expWinRate":54.606},{"IDNum":3713,"expDef":1.024,"expFrag":0.958,"expSpot":0.604,"expDamage":775.347,"expWinRate":53.135},{"IDNum":3681,"expDef":0.715,"expFrag":0.963,"expSpot":1.318,"expDamage":1824.086,"expWinRate":49.146},{"IDNum":3665,"expDef":1.045,"expFrag":0.947,"expSpot":1.010,"expDamage":742.912,"expWinRate":52.881},{"IDNum":3649,"expDef":0.771,"expFrag":1.077,"expSpot":1.704,"expDamage":1797.050,"expWinRate":48.741},{"IDNum":3633,"expDef":0.776,"expFrag":0.994,"expSpot":1.070,"expDamage":1074.230,"expWinRate":54.297},{"IDNum":3617,"expDef":1.709,"expFrag":0.870,"expSpot":0.115,"expDamage":474.195,"expWinRate":49.629},{"IDNum":3601,"expDef":1.679,"expFrag":1.755,"expSpot":0.901,"expDamage":297.525,"expWinRate":58.328},{"IDNum":3585,"expDef":1.028,"expFrag":1.080,"expSpot":0.726,"expDamage":787.603,"expWinRate":53.294},{"IDNum":3473,"expDef":0.347,"expFrag":0.963,"expSpot":0.985,"expDamage":2117.653,"expWinRate":50.864},{"IDNum":3457,"expDef":1.045,"expFrag":1.072,"expSpot":0.820,"expDamage":526.678,"expWinRate":55.088},{"IDNum":3425,"expDef":0.780,"expFrag":0.903,"expSpot":1.115,"expDamage":1531.788,"expWinRate":50.381},{"IDNum":3409,"expDef":1.645,"expFrag":1.100,"expSpot":0.126,"expDamage":283.931,"expWinRate":56.191},{"IDNum":3393,"expDef":1.847,"expFrag":1.075,"expSpot":0.138,"expDamage":390.539,"expWinRate":52.223},{"IDNum":3377,"expDef":0.688,"expFrag":0.699,"expSpot":2.301,"expDamage":715.281,"expWinRate":52.086},{"IDNum":3361,"expDef":1.175,"expFrag":1.137,"expSpot":1.123,"expDamage":616.666,"expWinRate":55.576},{"IDNum":3345,"expDef":1.445,"expFrag":1.314,"expSpot":1.286,"expDamage":324.168,"expWinRate":58.375},{"IDNum":3329,"expDef":1.635,"expFrag":1.641,"expSpot":1.205,"expDamage":217.172,"expWinRate":57.416},{"IDNum":3217,"expDef":0.435,"expFrag":0.910,"expSpot":0.955,"expDamage":1701.665,"expWinRate":52.481},{"IDNum":3201,"expDef":1.450,"expFrag":1.200,"expSpot":0.630,"expDamage":429.953,"expWinRate":56.070},{"IDNum":3169,"expDef":1.514,"expFrag":1.223,"expSpot":1.240,"expDamage":219.381,"expWinRate":56.623},{"IDNum":3153,"expDef":1.203,"expFrag":0.934,"expSpot":0.830,"expDamage":1013.832,"expWinRate":55.009},{"IDNum":3137,"expDef":0.952,"expFrag":1.001,"expSpot":0.897,"expDamage":1319.270,"expWinRate":51.501},{"IDNum":3121,"expDef":1.070,"expFrag":0.900,"expSpot":2.210,"expDamage":331.531,"expWinRate":55.211},{"IDNum":3105,"expDef":1.044,"expFrag":1.028,"expSpot":0.834,"expDamage":363.146,"expWinRate":55.345},{"IDNum":3089,"expDef":1.558,"expFrag":1.627,"expSpot":1.797,"expDamage":219.993,"expWinRate":57.819},{"IDNum":3073,"expDef":1.188,"expFrag":1.075,"expSpot":1.347,"expDamage":272.536,"expWinRate":56.184},{"IDNum":2961,"expDef":0.509,"expFrag":0.846,"expSpot":0.969,"expDamage":1322.812,"expWinRate":52.024},{"IDNum":2945,"expDef":1.498,"expFrag":1.417,"expSpot":0.602,"expDamage":362.003,"expWinRate":58.116},{"IDNum":2913,"expDef":1.144,"expFrag":0.971,"expSpot":1.667,"expDamage":362.717,"expWinRate":55.486},{"IDNum":2897,"expDef":1.304,"expFrag":1.115,"expSpot":0.859,"expDamage":624.616,"expWinRate":55.749},{"IDNum":2881,"expDef":1.198,"expFrag":0.809,"expSpot":0.799,"expDamage":280.807,"expWinRate":56.261},{"IDNum":2865,"expDef":0.770,"expFrag":0.837,"expSpot":1.077,"expDamage":1229.879,"expWinRate":53.000},{"IDNum":2849,"expDef":0.698,"expFrag":0.790,"expSpot":0.815,"expDamage":1255.847,"expWinRate":50.852},{"IDNum":2833,"expDef":1.320,"expFrag":1.168,"expSpot":0.172,"expDamage":345.116,"expWinRate":57.716},{"IDNum":2817,"expDef":0.760,"expFrag":1.026,"expSpot":1.027,"expDamage":813.921,"expWinRate":53.800},{"IDNum":2721,"expDef":0.616,"expFrag":1.178,"expSpot":1.152,"expDamage":2095.348,"expWinRate":49.635},{"IDNum":2705,"expDef":0.627,"expFrag":0.977,"expSpot":1.027,"expDamage":1081.547,"expWinRate":53.562},{"IDNum":2689,"expDef":1.293,"expFrag":1.455,"expSpot":0.623,"expDamage":253.832,"expWinRate":57.781},{"IDNum":2657,"expDef":1.012,"expFrag":0.817,"expSpot":1.182,"expDamage":1122.485,"expWinRate":51.080},{"IDNum":2625,"expDef":0.841,"expFrag":0.888,"expSpot":0.903,"expDamage":785.492,"expWinRate":53.442},{"IDNum":2593,"expDef":0.581,"expFrag":0.976,"expSpot":0.677,"expDamage":1717.178,"expWinRate":50.589},{"IDNum":2577,"expDef":1.085,"expFrag":1.011,"expSpot":1.189,"expDamage":645.924,"expWinRate":54.759},{"IDNum":2561,"expDef":0.958,"expFrag":0.932,"expSpot":1.330,"expDamage":707.565,"expWinRate":54.038},{"IDNum":2465,"expDef":0.660,"expFrag":1.082,"expSpot":1.095,"expDamage":1729.564,"expWinRate":50.784},{"IDNum":2449,"expDef":0.699,"expFrag":0.929,"expSpot":0.760,"expDamage":739.125,"expWinRate":53.662},{"IDNum":2433,"expDef":0.510,"expFrag":0.940,"expSpot":1.169,"expDamage":1920.642,"expWinRate":49.413},{"IDNum":2417,"expDef":0.644,"expFrag":1.054,"expSpot":1.345,"expDamage":1916.802,"expWinRate":48.763},{"IDNum":2401,"expDef":1.418,"expFrag":1.142,"expSpot":1.561,"expDamage":289.284,"expWinRate":57.004},{"IDNum":2385,"expDef":1.377,"expFrag":1.172,"expSpot":0.999,"expDamage":303.121,"expWinRate":57.159},{"IDNum":2369,"expDef":1.588,"expFrag":1.589,"expSpot":1.047,"expDamage":401.069,"expWinRate":58.041},{"IDNum":2353,"expDef":1.478,"expFrag":1.432,"expSpot":1.264,"expDamage":245.886,"expWinRate":57.512},{"IDNum":2321,"expDef":1.083,"expFrag":0.996,"expSpot":1.126,"expDamage":761.998,"expWinRate":54.682},{"IDNum":2305,"expDef":0.869,"expFrag":1.011,"expSpot":0.518,"expDamage":1001.285,"expWinRate":52.609},{"IDNum":2209,"expDef":0.632,"expFrag":0.895,"expSpot":1.101,"expDamage":1228.839,"expWinRate":51.163},{"IDNum":2193,"expDef":0.692,"expFrag":0.885,"expSpot":1.167,"expDamage":509.833,"expWinRate":54.940},{"IDNum":2177,"expDef":0.561,"expFrag":0.960,"expSpot":0.944,"expDamage":1637.573,"expWinRate":51.666},{"IDNum":2161,"expDef":0.747,"expFrag":1.036,"expSpot":1.114,"expDamage":1678.063,"expWinRate":51.254},{"IDNum":2145,"expDef":1.327,"expFrag":1.264,"expSpot":1.183,"expDamage":326.441,"expWinRate":57.452},{"IDNum":2129,"expDef":1.194,"expFrag":0.943,"expSpot":1.592,"expDamage":459.471,"expWinRate":55.261},{"IDNum":2113,"expDef":1.321,"expFrag":1.330,"expSpot":0.110,"expDamage":663.018,"expWinRate":54.756},{"IDNum":2097,"expDef":0.524,"expFrag":0.862,"expSpot":1.227,"expDamage":1605.070,"expWinRate":51.523},{"IDNum":2081,"expDef":1.847,"expFrag":1.242,"expSpot":0.385,"expDamage":229.894,"expWinRate":54.371},{"IDNum":2065,"expDef":1.586,"expFrag":1.380,"expSpot":1.689,"expDamage":237.255,"expWinRate":57.412},{"IDNum":2049,"expDef":1.079,"expFrag":0.830,"expSpot":2.261,"expDamage":307.762,"expWinRate":55.958},{"IDNum":1953,"expDef":0.688,"expFrag":0.951,"expSpot":1.310,"expDamage":948.870,"expWinRate":53.549},{"IDNum":1937,"expDef":0.928,"expFrag":0.824,"expSpot":1.424,"expDamage":315.124,"expWinRate":55.184},{"IDNum":1921,"expDef":0.680,"expFrag":0.956,"expSpot":0.842,"expDamage":1355.657,"expWinRate":52.446},{"IDNum":1905,"expDef":0.905,"expFrag":0.785,"expSpot":1.041,"expDamage":1073.618,"expWinRate":51.732},{"IDNum":1889,"expDef":1.105,"expFrag":0.949,"expSpot":1.057,"expDamage":726.569,"expWinRate":52.491},{"IDNum":1841,"expDef":0.710,"expFrag":0.874,"expSpot":1.360,"expDamage":1435.585,"expWinRate":51.527},{"IDNum":1825,"expDef":1.447,"expFrag":1.491,"expSpot":2.455,"expDamage":250.878,"expWinRate":57.536},{"IDNum":1809,"expDef":1.203,"expFrag":1.415,"expSpot":0.605,"expDamage":453.532,"expWinRate":56.652},{"IDNum":1793,"expDef":0.770,"expFrag":0.914,"expSpot":0.043,"expDamage":1151.969,"expWinRate":50.514},{"IDNum":1697,"expDef":0.674,"expFrag":0.989,"expSpot":1.011,"expDamage":752.274,"expWinRate":53.788},{"IDNum":1681,"expDef":1.144,"expFrag":1.084,"expSpot":1.237,"expDamage":292.783,"expWinRate":55.852},{"IDNum":1665,"expDef":0.759,"expFrag":0.892,"expSpot":1.288,"expDamage":928.793,"expWinRate":52.933},{"IDNum":1649,"expDef":0.846,"expFrag":0.873,"expSpot":1.216,"expDamage":922.469,"expWinRate":53.097},{"IDNum":1633,"expDef":1.144,"expFrag":0.983,"expSpot":1.226,"expDamage":371.556,"expWinRate":55.962},{"IDNum":1617,"expDef":1.093,"expFrag":1.017,"expSpot":0.863,"expDamage":380.107,"expWinRate":55.022},{"IDNum":1601,"expDef":2.174,"expFrag":1.344,"expSpot":0.946,"expDamage":229.094,"expWinRate":57.494},{"IDNum":1585,"expDef":0.943,"expFrag":0.815,"expSpot":1.495,"expDamage":1044.510,"expWinRate":52.261},{"IDNum":1569,"expDef":1.005,"expFrag":0.921,"expSpot":1.575,"expDamage":947.932,"expWinRate":54.367},{"IDNum":1553,"expDef":1.238,"expFrag":1.050,"expSpot":0.725,"expDamage":750.124,"expWinRate":53.580},{"IDNum":1537,"expDef":0.986,"expFrag":1.008,"expSpot":1.199,"expDamage":392.659,"expWinRate":55.544},{"IDNum":1441,"expDef":0.816,"expFrag":0.898,"expSpot":1.055,"expDamage":489.592,"expWinRate":54.906},{"IDNum":1425,"expDef":1.333,"expFrag":1.453,"expSpot":1.042,"expDamage":260.633,"expWinRate":58.884},{"IDNum":1409,"expDef":0.992,"expFrag":0.941,"expSpot":1.087,"expDamage":746.840,"expWinRate":53.664},{"IDNum":1393,"expDef":1.010,"expFrag":0.917,"expSpot":1.425,"expDamage":716.785,"expWinRate":53.481},{"IDNum":1377,"expDef":1.072,"expFrag":0.913,"expSpot":1.178,"expDamage":487.031,"expWinRate":54.455},{"IDNum":1361,"expDef":1.513,"expFrag":1.121,"expSpot":1.756,"expDamage":293.110,"expWinRate":57.367},{"IDNum":1345,"expDef":1.981,"expFrag":1.386,"expSpot":1.058,"expDamage":234.180,"expWinRate":58.593},{"IDNum":1329,"expDef":1.720,"expFrag":1.673,"expSpot":1.266,"expDamage":221.252,"expWinRate":56.564},{"IDNum":1313,"expDef":1.076,"expFrag":0.971,"expSpot":1.412,"expDamage":695.547,"expWinRate":54.953},{"IDNum":1297,"expDef":1.161,"expFrag":0.878,"expSpot":1.239,"expDamage":902.235,"expWinRate":53.886},{"IDNum":1185,"expDef":0.886,"expFrag":1.121,"expSpot":1.033,"expDamage":417.348,"expWinRate":55.585},{"IDNum":1169,"expDef":1.307,"expFrag":1.557,"expSpot":1.534,"expDamage":198.372,"expWinRate":59.200},{"IDNum":1153,"expDef":0.988,"expFrag":0.908,"expSpot":1.163,"expDamage":502.239,"expWinRate":54.010},{"IDNum":1137,"expDef":1.081,"expFrag":0.849,"expSpot":1.407,"expDamage":486.888,"expWinRate":54.409},{"IDNum":1121,"expDef":1.068,"expFrag":0.889,"expSpot":1.005,"expDamage":912.281,"expWinRate":51.437},{"IDNum":1105,"expDef":0.969,"expFrag":0.986,"expSpot":1.849,"expDamage":701.326,"expWinRate":54.508},{"IDNum":1089,"expDef":1.451,"expFrag":1.140,"expSpot":1.091,"expDamage":379.978,"expWinRate":55.882},{"IDNum":1073,"expDef":0.955,"expFrag":0.908,"expSpot":1.458,"expDamage":915.837,"expWinRate":54.360},{"IDNum":1057,"expDef":0.978,"expFrag":1.056,"expSpot":1.358,"expDamage":524.412,"expWinRate":54.863},{"IDNum":1041,"expDef":1.367,"expFrag":1.106,"expSpot":0.696,"expDamage":582.580,"expWinRate":54.201},{"IDNum":1025,"expDef":1.421,"expFrag":1.309,"expSpot":1.678,"expDamage":229.363,"expWinRate":56.829},{"IDNum":929,"expDef":1.387,"expFrag":1.321,"expSpot":1.114,"expDamage":345.756,"expWinRate":57.010},{"IDNum":913,"expDef":0.449,"expFrag":0.880,"expSpot":1.010,"expDamage":1363.470,"expWinRate":53.437},{"IDNum":897,"expDef":1.101,"expFrag":0.990,"expSpot":1.263,"expDamage":380.772,"expWinRate":55.520},{"IDNum":881,"expDef":1.323,"expFrag":0.957,"expSpot":1.153,"expDamage":367.998,"expWinRate":55.907},{"IDNum":865,"expDef":1.396,"expFrag":1.348,"expSpot":1.454,"expDamage":235.364,"expWinRate":56.923},{"IDNum":849,"expDef":1.572,"expFrag":1.116,"expSpot":0.767,"expDamage":438.845,"expWinRate":56.046},{"IDNum":833,"expDef":1.354,"expFrag":1.340,"expSpot":0.119,"expDamage":221.430,"expWinRate":56.491},{"IDNum":817,"expDef":0.692,"expFrag":0.916,"expSpot":1.298,"expDamage":1248.367,"expWinRate":52.408},{"IDNum":801,"expDef":0.883,"expFrag":0.962,"expSpot":1.014,"expDamage":798.228,"expWinRate":53.718},{"IDNum":785,"expDef":1.748,"expFrag":1.354,"expSpot":1.485,"expDamage":234.128,"expWinRate":57.286},{"IDNum":769,"expDef":1.297,"expFrag":0.994,"expSpot":1.884,"expDamage":257.280,"expWinRate":56.096},{"IDNum":673,"expDef":1.502,"expFrag":1.484,"expSpot":0.988,"expDamage":261.795,"expWinRate":58.995},{"IDNum":641,"expDef":1.490,"expFrag":1.168,"expSpot":1.378,"expDamage":316.017,"expWinRate":56.808},{"IDNum":625,"expDef":1.468,"expFrag":0.960,"expSpot":1.073,"expDamage":276.261,"expWinRate":56.802},{"IDNum":57361,"expDef":1.193,"expFrag":0.929,"expSpot":1.029,"expDamage":717.791,"expWinRate":52.910},{"IDNum":57169,"expDef":0.793,"expFrag":1.019,"expSpot":0.969,"expDamage":804.477,"expWinRate":53.595},{"IDNum":57121,"expDef":0.883,"expFrag":0.809,"expSpot":1.248,"expDamage":1135.467,"expWinRate":51.886},{"IDNum":57105,"expDef":0.980,"expFrag":1.028,"expSpot":0.713,"expDamage":795.942,"expWinRate":52.315},{"IDNum":56913,"expDef":0.650,"expFrag":0.789,"expSpot":1.357,"expDamage":1183.256,"expWinRate":52.750},{"IDNum":56865,"expDef":0.865,"expFrag":0.967,"expSpot":1.194,"expDamage":1864.077,"expWinRate":51.687},{"IDNum":56833,"expDef":0.866,"expFrag":1.171,"expSpot":1.512,"expDamage":1109.140,"expWinRate":55.011},{"IDNum":56657,"expDef":0.569,"expFrag":0.789,"expSpot":1.176,"expDamage":1256.799,"expWinRate":52.077},{"IDNum":56609,"expDef":0.805,"expFrag":0.942,"expSpot":0.786,"expDamage":1012.711,"expWinRate":53.685},{"IDNum":56577,"expDef":1.557,"expFrag":1.191,"expSpot":1.313,"expDamage":274.045,"expWinRate":55.800},{"IDNum":56353,"expDef":1.178,"expFrag":0.984,"expSpot":0.731,"expDamage":1038.539,"expWinRate":52.267},{"IDNum":56145,"expDef":0.999,"expFrag":0.960,"expSpot":0.963,"expDamage":771.567,"expWinRate":53.550},{"IDNum":56097,"expDef":1.029,"expFrag":0.951,"expSpot":1.280,"expDamage":695.165,"expWinRate":54.321},{"IDNum":56081,"expDef":0.395,"expFrag":0.839,"expSpot":0.943,"expDamage":1376.843,"expWinRate":52.681},{"IDNum":55889,"expDef":0.958,"expFrag":1.062,"expSpot":2.189,"expDamage":751.869,"expWinRate":55.573},{"IDNum":55841,"expDef":0.640,"expFrag":0.997,"expSpot":1.277,"expDamage":1940.994,"expWinRate":49.488},{"IDNum":55633,"expDef":0.773,"expFrag":0.783,"expSpot":1.247,"expDamage":1149.350,"expWinRate":51.695},{"IDNum":55569,"expDef":1.508,"expFrag":1.241,"expSpot":1.430,"expDamage":1013.920,"expWinRate":51.916},{"IDNum":55313,"expDef":1.053,"expFrag":0.918,"expSpot":0.770,"expDamage":1253.676,"expWinRate":51.121},{"IDNum":55297,"expDef":0.889,"expFrag":1.141,"expSpot":0.764,"expDamage":1066.893,"expWinRate":52.856},{"IDNum":55121,"expDef":1.051,"expFrag":0.906,"expSpot":1.074,"expDamage":999.881,"expWinRate":53.718},{"IDNum":55073,"expDef":1.266,"expFrag":1.340,"expSpot":1.657,"expDamage":202.590,"expWinRate":57.195},{"IDNum":55057,"expDef":1.204,"expFrag":1.062,"expSpot":1.232,"expDamage":536.186,"expWinRate":52.966},{"IDNum":54865,"expDef":1.253,"expFrag":1.355,"expSpot":1.598,"expDamage":203.716,"expWinRate":56.237},{"IDNum":54801,"expDef":1.580,"expFrag":1.108,"expSpot":2.744,"expDamage":269.768,"expWinRate":58.790},{"IDNum":54785,"expDef":0.755,"expFrag":1.084,"expSpot":0.556,"expDamage":812.400,"expWinRate":53.385},{"IDNum":54609,"expDef":1.559,"expFrag":1.245,"expSpot":0.127,"expDamage":308.836,"expWinRate":56.681},{"IDNum":54545,"expDef":1.120,"expFrag":1.001,"expSpot":1.530,"expDamage":522.721,"expWinRate":54.765},{"IDNum":54529,"expDef":1.505,"expFrag":1.378,"expSpot":1.407,"expDamage":244.856,"expWinRate":56.341},{"IDNum":54353,"expDef":1.161,"expFrag":1.238,"expSpot":1.570,"expDamage":607.532,"expWinRate":56.760},{"IDNum":54289,"expDef":0.814,"expFrag":0.795,"expSpot":0.883,"expDamage":1267.300,"expWinRate":51.844},{"IDNum":54273,"expDef":1.509,"expFrag":1.866,"expSpot":0.942,"expDamage":408.387,"expWinRate":58.528},{"IDNum":54097,"expDef":1.182,"expFrag":1.011,"expSpot":0.764,"expDamage":990.196,"expWinRate":53.894},{"IDNum":54033,"expDef":0.813,"expFrag":1.132,"expSpot":1.870,"expDamage":611.790,"expWinRate":55.476},{"IDNum":54017,"expDef":1.128,"expFrag":1.283,"expSpot":1.397,"expDamage":646.000,"expWinRate":58.245},{"IDNum":53841,"expDef":1.250,"expFrag":1.061,"expSpot":0.577,"expDamage":822.178,"expWinRate":52.734},{"IDNum":53793,"expDef":0.902,"expFrag":0.845,"expSpot":1.309,"expDamage":1128.605,"expWinRate":51.870},{"IDNum":53761,"expDef":1.366,"expFrag":1.230,"expSpot":0.816,"expDamage":589.683,"expWinRate":53.203},{"IDNum":53585,"expDef":1.418,"expFrag":1.084,"expSpot":0.784,"expDamage":528.944,"expWinRate":54.560},{"IDNum":53537,"expDef":1.237,"expFrag":1.178,"expSpot":1.525,"expDamage":209.981,"expWinRate":58.139},{"IDNum":53505,"expDef":1.705,"expFrag":1.461,"expSpot":1.599,"expDamage":332.271,"expWinRate":55.757},{"IDNum":53249,"expDef":0.915,"expFrag":0.965,"expSpot":1.080,"expDamage":1244.361,"expWinRate":51.422},{"IDNum":53121,"expDef":0.691,"expFrag":0.955,"expSpot":1.292,"expDamage":1326.303,"expWinRate":52.039},{"IDNum":52993,"expDef":0.967,"expFrag":1.102,"expSpot":2.432,"expDamage":364.367,"expWinRate":55.636},{"IDNum":52865,"expDef":0.521,"expFrag":1.018,"expSpot":1.030,"expDamage":1490.251,"expWinRate":52.634},{"IDNum":52833,"expDef":0.636,"expFrag":0.764,"expSpot":1.808,"expDamage":1071.066,"expWinRate":52.367},{"IDNum":52817,"expDef":1.349,"expFrag":0.924,"expSpot":1.382,"expDamage":361.380,"expWinRate":56.707},{"IDNum":52769,"expDef":1.557,"expFrag":1.113,"expSpot":2.494,"expDamage":279.636,"expWinRate":57.381},{"IDNum":52737,"expDef":1.590,"expFrag":1.054,"expSpot":1.615,"expDamage":255.177,"expWinRate":54.735},{"IDNum":52609,"expDef":0.645,"expFrag":0.744,"expSpot":1.284,"expDamage":1118.427,"expWinRate":52.230},{"IDNum":52577,"expDef":0.498,"expFrag":0.751,"expSpot":1.449,"expDamage":1243.926,"expWinRate":52.967},{"IDNum":52561,"expDef":0.820,"expFrag":1.018,"expSpot":0.576,"expDamage":1710.210,"expWinRate":51.807},{"IDNum":52513,"expDef":0.644,"expFrag":0.814,"expSpot":1.157,"expDamage":1248.357,"expWinRate":51.495},{"IDNum":52497,"expDef":2.821,"expFrag":1.871,"expSpot":1.658,"expDamage":307.304,"expWinRate":55.499},{"IDNum":52481,"expDef":1.670,"expFrag":1.271,"expSpot":1.469,"expDamage":375.823,"expWinRate":54.466},{"IDNum":52353,"expDef":1.039,"expFrag":0.840,"expSpot":1.182,"expDamage":1169.364,"expWinRate":52.150},{"IDNum":52321,"expDef":0.790,"expFrag":0.969,"expSpot":1.022,"expDamage":803.460,"expWinRate":54.446},{"IDNum":52257,"expDef":1.039,"expFrag":1.016,"expSpot":1.603,"expDamage":473.948,"expWinRate":54.819},{"IDNum":52241,"expDef":1.622,"expFrag":1.572,"expSpot":1.576,"expDamage":481.597,"expWinRate":57.062},{"IDNum":52225,"expDef":1.307,"expFrag":1.292,"expSpot":2.143,"expDamage":305.170,"expWinRate":56.340},{"IDNum":52097,"expDef":0.788,"expFrag":0.973,"expSpot":0.488,"expDamage":1471.632,"expWinRate":51.245},{"IDNum":52065,"expDef":0.843,"expFrag":0.819,"expSpot":1.181,"expDamage":1147.492,"expWinRate":51.298},{"IDNum":52001,"expDef":1.234,"expFrag":1.090,"expSpot":1.620,"expDamage":302.930,"expWinRate":55.463},{"IDNum":51985,"expDef":1.559,"expFrag":1.458,"expSpot":1.363,"expDamage":357.270,"expWinRate":58.904},{"IDNum":51841,"expDef":1.096,"expFrag":1.157,"expSpot":1.431,"expDamage":205.042,"expWinRate":57.405},{"IDNum":51825,"expDef":0.601,"expFrag":0.931,"expSpot":1.084,"expDamage":1267.494,"expWinRate":51.219},{"IDNum":51745,"expDef":1.113,"expFrag":1.039,"expSpot":1.385,"expDamage":506.917,"expWinRate":55.941},{"IDNum":51729,"expDef":2.290,"expFrag":1.644,"expSpot":1.438,"expDamage":330.659,"expWinRate":62.986},{"IDNum":51713,"expDef":1.325,"expFrag":1.170,"expSpot":1.163,"expDamage":596.061,"expWinRate":55.031},{"IDNum":51585,"expDef":0.865,"expFrag":1.039,"expSpot":0.978,"expDamage":780.983,"expWinRate":53.281},{"IDNum":51569,"expDef":0.814,"expFrag":0.944,"expSpot":1.335,"expDamage":739.752,"expWinRate":52.921},{"IDNum":51553,"expDef":1.101,"expFrag":0.938,"expSpot":1.062,"expDamage":514.500,"expWinRate":52.976},{"IDNum":51489,"expDef":1.237,"expFrag":1.298,"expSpot":2.415,"expDamage":223.905,"expWinRate":56.671},{"IDNum":51473,"expDef":0.897,"expFrag":1.176,"expSpot":1.869,"expDamage":640.253,"expWinRate":55.320},{"IDNum":51457,"expDef":1.318,"expFrag":1.161,"expSpot":1.099,"expDamage":527.305,"expWinRate":55.551},{"IDNum":51361,"expDef":0.692,"expFrag":1.010,"expSpot":1.287,"expDamage":1356.405,"expWinRate":51.586},{"IDNum":51345,"expDef":0.900,"expFrag":1.000,"expSpot":1.455,"expDamage":773.697,"expWinRate":54.345},{"IDNum":51201,"expDef":1.259,"expFrag":1.253,"expSpot":1.295,"expDamage":605.113,"expWinRate":57.838},{"IDNum":50961,"expDef":0.600,"expFrag":0.647,"expSpot":2.506,"expDamage":851.612,"expWinRate":51.163},{"IDNum":50945,"expDef":1.250,"expFrag":1.255,"expSpot":1.186,"expDamage":226.045,"expWinRate":57.127},{"IDNum":50193,"expDef":0.625,"expFrag":0.995,"expSpot":0.555,"expDamage":1430.382,"expWinRate":51.084},{"IDNum":49937,"expDef":0.804,"expFrag":0.784,"expSpot":1.263,"expDamage":1100.310,"expWinRate":51.543},{"IDNum":49921,"expDef":0.554,"expFrag":0.960,"expSpot":1.136,"expDamage":1065.308,"expWinRate":53.582},{"IDNum":49665,"expDef":0.494,"expFrag":0.901,"expSpot":0.999,"expDamage":1403.782,"expWinRate":53.784},{"IDNum":49409,"expDef":0.593,"expFrag":0.982,"expSpot":1.092,"expDamage":1344.534,"expWinRate":53.004},{"IDNum":49169,"expDef":0.633,"expFrag":0.942,"expSpot":1.009,"expDamage":813.371,"expWinRate":54.369},{"IDNum":48913,"expDef":0.521,"expFrag":0.814,"expSpot":0.763,"expDamage":1277.468,"expWinRate":52.107},{"IDNum":48897,"expDef":0.665,"expFrag":0.924,"expSpot":1.578,"expDamage":1260.702,"expWinRate":52.745},{"IDNum":48641,"expDef":0.476,"expFrag":0.900,"expSpot":1.014,"expDamage":1417.056,"expWinRate":53.510},{"IDNum":48401,"expDef":0.768,"expFrag":0.968,"expSpot":0.704,"expDamage":1393.614,"expWinRate":51.376},{"IDNum":48385,"expDef":0.520,"expFrag":0.958,"expSpot":0.650,"expDamage":1420.795,"expWinRate":52.008},{"IDNum":48145,"expDef":0.524,"expFrag":0.820,"expSpot":0.767,"expDamage":1277.129,"expWinRate":53.180},{"IDNum":48129,"expDef":0.850,"expFrag":0.948,"expSpot":1.164,"expDamage":714.202,"expWinRate":53.534},{"IDNum":47873,"expDef":0.877,"expFrag":1.192,"expSpot":1.172,"expDamage":314.268,"expWinRate":55.772},{"IDNum":47633,"expDef":1.468,"expFrag":1.429,"expSpot":1.301,"expDamage":266.053,"expWinRate":57.173},{"IDNum":47617,"expDef":0.611,"expFrag":0.858,"expSpot":1.016,"expDamage":1264.563,"expWinRate":51.514},{"IDNum":47377,"expDef":0.543,"expFrag":0.670,"expSpot":2.611,"expDamage":899.814,"expWinRate":51.394},{"IDNum":47361,"expDef":0.603,"expFrag":0.865,"expSpot":0.994,"expDamage":1280.182,"expWinRate":51.669},{"IDNum":47105,"expDef":0.786,"expFrag":0.962,"expSpot":1.330,"expDamage":526.060,"expWinRate":54.837},{"IDNum":46865,"expDef":0.513,"expFrag":0.868,"expSpot":1.339,"expDamage":1469.427,"expWinRate":52.702},{"IDNum":46849,"expDef":0.438,"expFrag":1.197,"expSpot":1.292,"expDamage":2602.623,"expWinRate":57.547},{"IDNum":46609,"expDef":0.597,"expFrag":0.831,"expSpot":0.974,"expDamage":1204.706,"expWinRate":53.026},{"IDNum":46593,"expDef":0.533,"expFrag":1.109,"expSpot":1.108,"expDamage":1177.477,"expWinRate":56.068},{"IDNum":46337,"expDef":0.652,"expFrag":0.946,"expSpot":1.559,"expDamage":1292.143,"expWinRate":53.096},{"IDNum":45569,"expDef":0.673,"expFrag":0.734,"expSpot":2.950,"expDamage":883.367,"expWinRate":52.702},{"IDNum":45313,"expDef":0.709,"expFrag":0.770,"expSpot":2.893,"expDamage":528.836,"expWinRate":54.460},{"IDNum":45057,"expDef":0.635,"expFrag":1.080,"expSpot":0.492,"expDamage":1519.871,"expWinRate":51.088},{"IDNum":44801,"expDef":1.086,"expFrag":1.037,"expSpot":1.658,"expDamage":265.844,"expWinRate":57.130},{"IDNum":44545,"expDef":0.282,"expFrag":0.893,"expSpot":1.177,"expDamage":1626.812,"expWinRate":54.452},{"IDNum":44289,"expDef":0.482,"expFrag":0.980,"expSpot":1.035,"expDamage":1454.326,"expWinRate":53.094},{"IDNum":43841,"expDef":2.747,"expFrag":1.365,"expSpot":0.979,"expDamage":249.869,"expWinRate":58.550},{"IDNum":43585,"expDef":0.797,"expFrag":0.751,"expSpot":3.176,"expDamage":914.118,"expWinRate":52.414},{"IDNum":43329,"expDef":3.116,"expFrag":1.266,"expSpot":2.117,"expDamage":228.686,"expWinRate":58.406},{"IDNum":22017,"expDef":0.428,"expFrag":0.900,"expSpot":1.467,"expDamage":2006.263,"expWinRate":49.738},{"IDNum":21761,"expDef":0.668,"expFrag":1.013,"expSpot":1.217,"expDamage":1853.119,"expWinRate":49.232},{"IDNum":21505,"expDef":0.615,"expFrag":1.039,"expSpot":1.329,"expDamage":1727.151,"expWinRate":52.664},{"IDNum":21249,"expDef":0.578,"expFrag":0.989,"expSpot":0.851,"expDamage":1715.182,"expWinRate":52.235},{"IDNum":20993,"expDef":0.348,"expFrag":0.906,"expSpot":1.076,"expDamage":2014.929,"expWinRate":50.517},{"IDNum":20737,"expDef":0.446,"expFrag":0.884,"expSpot":0.970,"expDamage":1661.201,"expWinRate":52.552},{"IDNum":20481,"expDef":0.501,"expFrag":0.806,"expSpot":0.851,"expDamage":1262.250,"expWinRate":52.457},{"IDNum":20241,"expDef":0.674,"expFrag":0.690,"expSpot":2.734,"expDamage":851.339,"expWinRate":52.145},{"IDNum":20225,"expDef":0.418,"expFrag":1.021,"expSpot":1.212,"expDamage":2132.357,"expWinRate":52.615},{"IDNum":19985,"expDef":0.632,"expFrag":0.710,"expSpot":2.990,"expDamage":1273.626,"expWinRate":48.048},{"IDNum":19969,"expDef":0.534,"expFrag":1.012,"expSpot":1.398,"expDamage":2005.336,"expWinRate":50.616},{"IDNum":609,"expDef":1.728,"expFrag":1.555,"expSpot":1.105,"expDamage":194.519,"expWinRate":57.726},{"IDNum":593,"expDef":1.407,"expFrag":1.361,"expSpot":2.099,"expDamage":240.202,"expWinRate":58.193},{"IDNum":577,"expDef":1.828,"expFrag":1.482,"expSpot":1.211,"expDamage":202.109,"expWinRate":57.954},{"IDNum":561,"expDef":0.671,"expFrag":0.960,"expSpot":1.457,"expDamage":1282.324,"expWinRate":52.165},{"IDNum":545,"expDef":1.387,"expFrag":1.543,"expSpot":1.838,"expDamage":198.579,"expWinRate":58.058},{"IDNum":529,"expDef":1.010,"expFrag":0.936,"expSpot":0.977,"expDamage":1073.609,"expWinRate":53.589},{"IDNum":513,"expDef":0.811,"expFrag":0.975,"expSpot":1.002,"expDamage":1036.062,"expWinRate":53.415},{"IDNum":417,"expDef":1.631,"expFrag":1.286,"expSpot":1.438,"expDamage":231.209,"expWinRate":58.006},{"IDNum":401,"expDef":1.414,"expFrag":1.064,"expSpot":1.110,"expDamage":201.225,"expWinRate":58.049},{"IDNum":385,"expDef":1.234,"expFrag":1.327,"expSpot":1.330,"expDamage":239.883,"expWinRate":57.447},{"IDNum":369,"expDef":1.459,"expFrag":1.215,"expSpot":1.391,"expDamage":225.278,"expWinRate":56.705},{"IDNum":353,"expDef":1.482,"expFrag":1.372,"expSpot":1.193,"expDamage":228.865,"expWinRate":57.879},{"IDNum":337,"expDef":1.205,"expFrag":1.408,"expSpot":0.925,"expDamage":244.516,"expWinRate":56.971},{"IDNum":321,"expDef":1.610,"expFrag":1.216,"expSpot":0.813,"expDamage":294.975,"expWinRate":58.552},{"IDNum":305,"expDef":0.680,"expFrag":0.682,"expSpot":2.500,"expDamage":671.146,"expWinRate":51.805},{"IDNum":289,"expDef":1.489,"expFrag":1.071,"expSpot":2.181,"expDamage":266.601,"expWinRate":57.115},{"IDNum":273,"expDef":1.266,"expFrag":1.009,"expSpot":0.074,"expDamage":923.518,"expWinRate":51.355},{"IDNum":257,"expDef":1.249,"expFrag":1.114,"expSpot":0.534,"expDamage":580.101,"expWinRate":54.410},{"IDNum":161,"expDef":1.490,"expFrag":1.701,"expSpot":1.027,"expDamage":208.109,"expWinRate":58.278},{"IDNum":145,"expDef":0.765,"expFrag":0.977,"expSpot":1.322,"expDamage":764.720,"expWinRate":54.741},{"IDNum":129,"expDef":1.100,"expFrag":1.506,"expSpot":1.351,"expDamage":200.044,"expWinRate":58.950},{"IDNum":113,"expDef":1.096,"expFrag":1.597,"expSpot":0.847,"expDamage":207.551,"expWinRate":58.591},{"IDNum":81,"expDef":1.268,"expFrag":1.680,"expSpot":0.916,"expDamage":218.333,"expWinRate":57.620},{"IDNum":49,"expDef":0.902,"expFrag":0.887,"expSpot":1.585,"expDamage":1112.907,"expWinRate":51.818},{"IDNum":33,"expDef":1.193,"expFrag":1.232,"expSpot":1.530,"expDamage":593.608,"expWinRate":56.071},{"IDNum":1,"expDef":1.094,"expFrag":0.971,"expSpot":1.360,"expDamage":487.481,"expWinRate":54.958}],"header":{"url":"https://static.modxvm.com/wn8-data-exp/json/wn8exp-2019-12-18.json","source":"XVM","version":"2019-12-18"}}
