{
  "colors":{
    "fpsColor":"#B3FE95",
    "pingColor":"#B3FE95",
    "pingLagColor":"#FD9675"
  },
  "debugGraphics":{
    "enabled":false,
    "fpsBar":{
      "alpha":1.0,
      "bgAlpha":0.5,
      "color":"#FAFAFA",
      "enabled":false,
      "glowFilter":{
        "alpha":1.0,
        "blurX":4,
        "blurY":4,
        "color":"#00FF00",
        "inner":false,
        "knockout":false,
        "strength":2
      },
      "height":4,
      "width":70,
      "x":3,
      "y":27
    },
    "pingBar":{
      "alpha":1.0,
      "bgAlpha":0.5,
      "color":"#FAFAFA",
      "enabled":false,
      "glowFilter":{
        "alpha":1.0,
        "blurX":4,
        "blurY":4,
        "color":"#00FF00",
        "inner":false,
        "knockout":false,
        "strength":2
      },
      "height":4,
      "width":75,
      "x":83,
      "y":27
    }
  },
  "debugText":{
    "scale":1.0,
    "text":"<textformat tabstops='[80]'>FPS <font color='%(fpsColor)s'><b>%(FPS)d</b></font><tab>PING <font color='%(PingLagColor)s'><b>%(PING)d</b></font></textformat>",
    "x":5,
    "y":0
  },
  "enabled":false
}