{
  "CustomizationForCredits":true,
  "CustomizationForGold":false,
  "DismantlingForCredits":true,
  "DismantlingForCrystal":false,
  "DismantlingForGold":false,
  "GameGreeting":false,
  "Information":true,
  "MultipleSelling":true,
  "PowerLevel":true,
  "PurchaseForCredits":true,
  "PurchaseForCrystal":true,
  "PurchaseForGold":false,
  "Remove":true,
  "Repair":true,
  "Restore":true,
  "Selling":true,
  "autoMaintenance":true,
  "customizationChanged":true,
  "enabled":false
}