{
  "enabled":true,
  "mainGunDoneIcon":"<img src='img://gui/maps/icons/library/done.png' width='24' height='24' vspace='-8'>",
  "mainGunDynamic":true,
  "mainGunFailureIcon":"<img src='img://gui/maps/icons/library/icon_alert_32x32.png' width='22' height='22' vspace='-6'>",
  "mainGunIcon":"<img src='img://gui/maps/icons/achievement/32x32/mainGun.png' width='26' height='25' vspace='-8'>",
  "settings":{
    "align":"left",
    "x":240,
    "y":0
  },
  "template":"%(mainGunIcon)s%(mainGunDoneIcon)s%(mainGunFailureIcon)s<font color='%(mainGunColor)s'>%(mainGun)s</font>"
}