{
  "bar_settings":{
    "bar":{
      "colors":{
        "ally":"#5ACB00",
        "alpha":0.4,
        "bgAlpha":0.3,
        "bgColor":"#000000",
        "enemy":"#F30900",
        "enemyBlind":"#6F6CD3"
      },
      "height":22,
      "outline":{
        "alpha":0.5,
        "color":"#FAFAFA",
        "customColor":false,
        "enabled":true
      },
      "width":70,
      "x":0,
      "y":2
    },
    "text":{
      "align":"center",
      "x":35,
      "y":0
    }
  },
  "enabled":true,
  "hp_text":"<font face='$FieldFont' color='#FAFAFA' size='15'>%(health)d</font>",
  "hpbarsShow_KEY":[
    [
      56
    ]
  ],
  "hpbarsclassColor":false,
  "showHpBarsOnKeyDown":false
}