﻿{
    "language": {
        "de": {
            "elite_status": "<img align=\"top\" src=\"img://gui/maps//icons/library/EliteXpIcon-2.png\" height=\"16\" width=\"16\" vspace=\"-3\"> <font color=\"#00FF00\">{chk-exp}</font><img align=\"top\" src=\"img://gui/maps//icons/library/XpIcon-1.png\" height=\"16\" width=\"16\" vspace=\"-3\"> von <font color=\"#FF0000\">{need-exp}</font><img align=\"top\" src=\"img://gui/maps//icons/library/XpIcon-1.png\" height=\"16\" width=\"16\" vspace=\"-3\"> (~{battles-left}<img align=\"top\" src=\"img://gui/maps//icons/library/BattleResultIcon-1.png\" height=\"14\" width=\"14\" vspace=\"-3\">)",
            "elite_status_ready": "<img align=\"top\" src=\"img://gui/maps//icons/library/EliteXpIcon-2.png\" height=\"16\" width=\"16\" vspace=\"-3\"> <font color=\"#00FF00\">Elitestatus verfügbar!</font>",
            "experience_header": "Forschung",
            "module_status": "<img align=\"top\" src=\"img://gui/maps//icons/buttons/removeGold.png\" height=\"15\" width=\"13\" vspace=\"-2\"> <font color=\"#00FF00\">{chk-exp}</font><img align=\"top\" src=\"img://gui/maps//icons/library/XpIcon-1.png\" height=\"16\" width=\"16\" vspace=\"-3\"> von <font color=\"#FF0000\">{need-exp}</font><img align=\"top\" src=\"img://gui/maps//icons/library/XpIcon-1.png\" height=\"16\" width=\"16\" vspace=\"-3\"> (~{battles-left}<img align=\"top\" src=\"img://gui/maps//icons/library/BattleResultIcon-1.png\" height=\"14\" width=\"14\" vspace=\"-3\">)",
            "module_status_ready": "<img align=\"top\" src=\"img://gui/maps//icons/buttons/removeGold.png\" height=\"16\" width=\"14\" vspace=\"-2\"> <font color=\"#00FF00\">Moduler forschung verfügbar!</font>",
            "module_status_ready_title": "Alle Module erforschen",
            "module_status_title": "Alle Module erforschen",
            "next_tanks": "<img align=\"top\" src=\"img://gui/maps//icons/library/UnlockPrice.png\" height=\"16\" width=\"16\" vspace=\"-2\"> <font color=\"#00FF00\">{chk-exp}</font><img align=\"top\" src=\"img://gui/maps//icons/library/XpIcon-1.png\" height=\"16\" width=\"16\" vspace=\"-3\"> von <font color=\"#FF0000\">{need-exp}</font><img align=\"top\" src=\"img://gui/maps//icons/library/XpIcon-1.png\" height=\"16\" width=\"16\" vspace=\"-3\"> (~{battles-left}<img align=\"top\" src=\"img://gui/maps//icons/library/BattleResultIcon-1.png\" height=\"14\" width=\"14\" vspace=\"-3\">)",
            "next_tanks_ready": "<img align=\"top\" src=\"img://gui/maps//icons/library/UnlockPrice.png\" height=\"16\" width=\"16\" vspace=\"-2\"> <font color=\"#00FF00\">Forschung verfügbar!</font>",
            "quests_header": "Persönliche Auftrage",
            "text_add_condition_extra": "Nebenbedingung",
            "text_main_condition_extra": "Hauptbedingung",
            "text_quest_info": "<b><font color=\"#E8E0BD\">{quest-name}</b></font> (Min. Tierstufe #{quest-min-level})"
        },
        "default": {
            "elite_status": "<img align=\"top\" src=\"img://gui/maps//icons/library/EliteXpIcon-2.png\" height=\"16\" width=\"16\" vspace=\"-3\"> <font color=\"#00FF00\">{chk-exp}</font><img align=\"top\" src=\"img://gui/maps//icons/library/XpIcon-1.png\" height=\"16\" width=\"16\" vspace=\"-3\"> из <font color=\"#FF0000\">{need-exp}</font><img align=\"top\" src=\"img://gui/maps//icons/library/XpIcon-1.png\" height=\"16\" width=\"16\" vspace=\"-3\"> (~{battles-left}<img align=\"top\" src=\"img://gui/maps//icons/library/BattleResultIcon-1.png\" height=\"14\" width=\"14\" vspace=\"-3\">)",
            "elite_status_ready": "<img align=\"top\" src=\"img://gui/maps//icons/library/EliteXpIcon-2.png\" height=\"16\" width=\"16\" vspace=\"-3\"> <font color=\"#00FF00\">Элитный статус доступен!</font>",
            "elite_status_ready_title": "{tank-name}",
            "elite_status_title": "{tank-name}",
            "experience_header": "Исследование",
            "module_status": "<img align=\"top\" src=\"img://gui/maps//icons/buttons/removeGold.png\" height=\"15\" width=\"13\" vspace=\"-2\"> <font color=\"#00FF00\">{chk-exp}</font><img align=\"top\" src=\"img://gui/maps//icons/library/XpIcon-1.png\" height=\"16\" width=\"16\" vspace=\"-3\"> из <font color=\"#FF0000\">{need-exp}</font><img align=\"top\" src=\"img://gui/maps//icons/library/XpIcon-1.png\" height=\"16\" width=\"16\" vspace=\"-3\"> (~{battles-left}<img align=\"top\" src=\"img://gui/maps//icons/library/BattleResultIcon-1.png\" height=\"14\" width=\"14\" vspace=\"-3\">)",
            "module_status_ready": "<img align=\"top\" src=\"img://gui/maps//icons/buttons/removeGold.png\" height=\"16\" width=\"14\" vspace=\"-2\"> <font color=\"#00FF00\">Все модули доступны!</font>",
            "module_status_ready_title": "Модули",
            "module_status_title": "Модули",
            "next_tanks": "<img align=\"top\" src=\"img://gui/maps//icons/library/UnlockPrice.png\" height=\"16\" width=\"16\" vspace=\"-2\"> <font color=\"#00FF00\">{chk-exp}</font><img align=\"top\" src=\"img://gui/maps//icons/library/XpIcon-1.png\" height=\"16\" width=\"16\" vspace=\"-3\"> из <font color=\"#FF0000\">{need-exp}</font><img align=\"top\" src=\"img://gui/maps//icons/library/XpIcon-1.png\" height=\"16\" width=\"16\" vspace=\"-3\"> (~{battles-left}<img align=\"top\" src=\"img://gui/maps//icons/library/BattleResultIcon-1.png\" height=\"14\" width=\"14\" vspace=\"-3\">)",
            "next_tanks_ready": "<img align=\"top\" src=\"img://gui/maps//icons/library/UnlockPrice.png\" height=\"16\" width=\"16\" vspace=\"-2\"> <font color=\"#00FF00\">Исследование доступно!</font>",
            "next_tanks_ready_title": "{tank-name}",
            "next_tanks_title": "{tank-name}",
            "quests_header": "Статус ЛБЗ",
            "text_add_condition": "<font color=\"#aefe57\">{quest-add-condition}</font>",
            "text_add_condition_extra": "Доп. условия",
            "text_main_condition": "<b><font color=\"#aefe57\">{quest-main-condition}</font></b>",
            "text_main_condition_extra": "Осн. Условия",
            "text_quest_info": "<b><font color=\"#E8E0BD\">{quest-name}</font></b> (мин. уровень #{quest-min-level})"
        },
        "fr": {
            "elite_status": "<img align=\"top\" src=\"img://gui/maps//icons/library/EliteXpIcon-2.png\" height=\"16\" width=\"16\" vspace=\"-3\"> <font color=\"#00FF00\">{chk-exp}</font><img align=\"top\" src=\"img://gui/maps//icons/library/XpIcon-1.png\" height=\"16\" width=\"16\" vspace=\"-3\"> sur <font color=\"#FF0000\">{need-exp}</font><img align=\"top\" src=\"img://gui/maps//icons/library/XpIcon-1.png\" height=\"16\" width=\"16\" vspace=\"-3\"> (~{battles-left}<img align=\"top\" src=\"img://gui/maps//icons/library/BattleResultIcon-1.png\" height=\"14\" width=\"14\" vspace=\"-3\">)",
            "elite_status_ready": "<img align=\"top\" src=\"img://gui/maps//icons/library/EliteXpIcon-2.png\" height=\"16\" width=\"16\" vspace=\"-3\"> <font color=\"#00FF00\">Statur Elite disponible!</font>",
            "elite_status_ready_title": "{tank-name}",
            "elite_status_title": "{tank-name}",
            "experience_header": "Recherche",
            "module_status": "<img align=\"top\" src=\"img://gui/maps//icons/buttons/removeGold.png\" height=\"15\" width=\"13\" vspace=\"-2\"> <font color=\"#00FF00\">{chk-exp}</font><img align=\"top\" src=\"img://gui/maps//icons/library/XpIcon-1.png\" height=\"16\" width=\"16\" vspace=\"-3\"> sur <font color=\"#FF0000\">{need-exp}</font><img align=\"top\" src=\"img://gui/maps//icons/library/XpIcon-1.png\" height=\"16\" width=\"16\" vspace=\"-3\"> (~{battles-left}<img align=\"top\" src=\"img://gui/maps//icons/library/BattleResultIcon-1.png\" height=\"14\" width=\"14\" vspace=\"-3\">)",
            "module_status_ready": "<img align=\"top\" src=\"img://gui/maps//icons/buttons/removeGold.png\" height=\"16\" width=\"14\" vspace=\"-2\"> <font color=\"#00FF00\">Modules disponibles!</font>",
            "module_status_ready_title": "Modules",
            "module_status_title": "Моdules",
            "next_tanks": "<img align=\"top\" src=\"img://gui/maps//icons/library/UnlockPrice.png\" height=\"16\" width=\"16\" vspace=\"-2\"> <font color=\"#00FF00\">{chk-exp}</font><img align=\"top\" src=\"img://gui/maps//icons/library/XpIcon-1.png\" height=\"16\" width=\"16\" vspace=\"-3\"> sur <font color=\"#FF0000\">{need-exp}</font><img align=\"top\" src=\"img://gui/maps//icons/library/XpIcon-1.png\" height=\"16\" width=\"16\" vspace=\"-3\"> (~{battles-left}<img align=\"top\" src=\"img://gui/maps//icons/library/BattleResultIcon-1.png\" height=\"14\" width=\"14\" vspace=\"-3\">)",
            "next_tanks_ready": "<img align=\"top\" src=\"img://gui/maps//icons/library/UnlockPrice.png\" height=\"16\" width=\"16\" vspace=\"-2\"> <font color=\"#00FF00\">Recherche disponible!</font>",
            "next_tanks_ready_title": "{tank-name}",
            "next_tanks_title": "{tank-name}",
            "quests_header": "Missions personnelles",
            "text_add_condition": "<font color=\"#aefe57\">{quest-add-condition}</font>",
            "text_add_condition_extra": "Condition secondaire",
            "text_main_condition": "<b><font color=\"#aefe57\">{quest-main-condition}</font></b>",
            "text_main_condition_extra": "Condition Principale",
            "text_quest_info": "<b><font color=\"#E8E0BD\">{quest-name}</font></b> (Niveu minimum #{quest-min-level})"
        },
        "en": {
            "elite_status": "<img align=\"top\" src=\"img://gui/maps//icons/library/EliteXpIcon-2.png\" height=\"16\" width=\"16\" vspace=\"-3\"> <font color=\"#00FF00\">{chk-exp}</font><img align=\"top\" src=\"img://gui/maps//icons/library/XpIcon-1.png\" height=\"16\" width=\"16\" vspace=\"-3\"> from <font color=\"#FF0000\">{need-exp}</font><img align=\"top\" src=\"img://gui/maps//icons/library/XpIcon-1.png\" height=\"16\" width=\"16\" vspace=\"-3\"> (~{battles-left}<img align=\"top\" src=\"img://gui/maps//icons/library/BattleResultIcon-1.png\" height=\"14\" width=\"14\" vspace=\"-3\">)",
            "elite_status_ready": "<img align=\"top\" src=\"img://gui/maps//icons/library/EliteXpIcon-2.png\" height=\"16\" width=\"16\" vspace=\"-3\"> <font color=\"#00FF00\">Elite status available!</font>",
            "experience_header": "Research",
            "module_status": "<img align=\"top\" src=\"img://gui/maps//icons/buttons/removeGold.png\" height=\"15\" width=\"13\" vspace=\"-2\"> <font color=\"#00FF00\">{chk-exp}</font><img align=\"top\" src=\"img://gui/maps//icons/library/XpIcon-1.png\" height=\"16\" width=\"16\" vspace=\"-3\"> from <font color=\"#FF0000\">{need-exp}</font><img align=\"top\" src=\"img://gui/maps//icons/library/XpIcon-1.png\" height=\"16\" width=\"16\" vspace=\"-3\"> (~{battles-left}<img align=\"top\" src=\"img://gui/maps//icons/library/BattleResultIcon-1.png\" height=\"14\" width=\"14\" vspace=\"-3\">)",
            "module_status_ready": "<img align=\"top\" src=\"img://gui/maps//icons/buttons/removeGold.png\" height=\"16\" width=\"14\" vspace=\"-2\"> <font color=\"#00FF00\">Module research available!</font>",
            "module_status_ready_title": "Modules",
            "module_status_title": "Modules",
            "next_tanks": "<img align=\"top\" src=\"img://gui/maps//icons/library/UnlockPrice.png\" height=\"16\" width=\"16\" vspace=\"-2\"> <font color=\"#00FF00\">{chk-exp}</font><img align=\"top\" src=\"img://gui/maps//icons/library/XpIcon-1.png\" height=\"16\" width=\"16\" vspace=\"-3\"> from <font color=\"#FF0000\">{need-exp}</font><img align=\"top\" src=\"img://gui/maps//icons/library/XpIcon-1.png\" height=\"16\" width=\"16\" vspace=\"-3\"> (~{battles-left}<img align=\"top\" src=\"img://gui/maps//icons/library/BattleResultIcon-1.png\" height=\"14\" width=\"14\" vspace=\"-3\">)",
            "next_tanks_ready": "<img align=\"top\" src=\"img://gui/maps//icons/library/UnlockPrice.png\" height=\"16\" width=\"16\" vspace=\"-2\"> <font color=\"#00FF00\">Research available!</font>",
            "quests_header": "Personal assignments",
            "text_add_condition_extra": "Secondary condition",
            "text_main_condition_extra": "Main condition",
            "text_quest_info": "<b><font color=\"#E8E0BD\">{quest-name}</b></font> (min. level #{quest-min-level})"
        },
        "pl": {
            "elite_status": "<img align=\"top\" src=\"img://gui/maps//icons/library/EliteXpIcon-2.png\" height=\"16\" width=\"16\" vspace=\"-3\"> <font color=\"#00FF00\">{chk-exp}</font><img align=\"top\" src=\"img://gui/maps//icons/library/XpIcon-1.png\" height=\"16\" width=\"16\" vspace=\"-3\"> from <font color=\"#FF0000\">{need-exp}</font><img align=\"top\" src=\"img://gui/maps//icons/library/XpIcon-1.png\" height=\"16\" width=\"16\" vspace=\"-3\"> (~{battles-left}<img align=\"top\" src=\"img://gui/maps//icons/library/BattleResultIcon-1.png\" height=\"14\" width=\"14\" vspace=\"-3\">)",
            "elite_status_ready": "<img align=\"top\" src=\"img://gui/maps//icons/library/EliteXpIcon-2.png\" height=\"16\" width=\"16\" vspace=\"-3\"> <font color=\"#00FF00\">Elitarny status dostępny</font>",
            "experience_header": "Badania",
            "module_status": "<img align=\"top\" src=\"img://gui/maps//icons/buttons/removeGold.png\" height=\"15\" width=\"13\" vspace=\"-2\"> <font color=\"#00FF00\">{chk-exp}</font><img align=\"top\" src=\"img://gui/maps//icons/library/XpIcon-1.png\" height=\"16\" width=\"16\" vspace=\"-3\"> from <font color=\"#FF0000\">{need-exp}</font><img align=\"top\" src=\"img://gui/maps//icons/library/XpIcon-1.png\" height=\"16\" width=\"16\" vspace=\"-3\"> (~{battles-left}<img align=\"top\" src=\"img://gui/maps//icons/library/BattleResultIcon-1.png\" height=\"14\" width=\"14\" vspace=\"-3\">)",
            "module_status_ready": "<img align=\"top\" src=\"img://gui/maps//icons/buttons/removeGold.png\" height=\"16\" width=\"14\" vspace=\"-2\"> <font color=\"#00FF00\">Nowy moduł dostępny!</font>",
            "module_status_ready_title": "Moduły",
            "module_status_title": "Moduły",
            "next_tanks": "<img align=\"top\" src=\"img://gui/maps//icons/library/UnlockPrice.png\" height=\"16\" width=\"16\" vspace=\"-2\"> <font color=\"#00FF00\">{chk-exp}</font><img align=\"top\" src=\"img://gui/maps//icons/library/XpIcon-1.png\" height=\"16\" width=\"16\" vspace=\"-3\"> from <font color=\"#FF0000\">{need-exp}</font><img align=\"top\" src=\"img://gui/maps//icons/library/XpIcon-1.png\" height=\"16\" width=\"16\" vspace=\"-3\"> (~{battles-left}<img align=\"top\" src=\"img://gui/maps//icons/library/BattleResultIcon-1.png\" height=\"14\" width=\"14\" vspace=\"-3\">)",
            "next_tanks_ready": "<img align=\"top\" src=\"img://gui/maps//icons/library/UnlockPrice.png\" height=\"16\" width=\"16\" vspace=\"-2\"> <font color=\"#00FF00\">Badania dostępne!</font>",
            "quests_header": "Misje Osobiste",
            "text_add_condition_extra": "Dodatkowy warunek",
            "text_main_condition_extra": "Główny warunek",
            "text_quest_info": "<b><font color=\"#E8E0BD\">{quest-name}</b></font> (min. poziom #{quest-min-level})"
        }
    }
}