<root>
	
	<key>KEY_F11</key>
	<fontsize>12</fontsize>
	<showallmaps>False</showallmaps>
	
	<other>
		<battlesplayed>True</battlesplayed>
		<timeinbattlesshow>True</timeinbattlesshow>
		<timeinbattles>0</timeinbattles>
	</other>

	<map name="00_tank_tutorial">
		<battles>0</battles>
		<show>False</show>
	</map>
	<map name="01_karelia">
		<battles>0</battles>
		<show>True</show>
	</map>
	<map name="02_malinovka">
		<battles>0</battles>
		<show>True</show>
	</map>
	<map name="03_campania_big">
		<battles>0</battles>
		<show>True</show>
	</map>
	<map name="04_himmelsdorf">
		<battles>0</battles>
		<show>True</show>
	</map>
	<map name="05_prohorovka">
		<battles>0</battles>
		<show>True</show>
	</map>
	<map name="06_ensk">
		<battles>0</battles>
		<show>True</show>
	</map>
	<map name="07_lakeville">
		<battles>0</battles>
		<show>True</show>
	</map>
	<map name="08_ruinberg">
		<battles>0</battles>
		<show>True</show>
	</map>
	<map name="10_hills">
		<battles>0</battles>
		<show>True</show>
	</map>
	<map name="11_murovanka">
		<battles>0</battles>
		<show>True</show>
	</map>
	<map name="13_erlenberg">
		<battles>0</battles>
		<show>True</show>
	</map>
	<map name="14_siegfried_line">
		<battles>0</battles>
		<show>True</show>
	</map>
	<map name="17_munchen">
		<battles>0</battles>
		<show>True</show>
	</map>
	<map name="18_cliff">
		<battles>0</battles>
		<show>True</show>
	</map>
	<map name="19_monastery">
		<battles>0</battles>
		<show>True</show>
	</map>
	<map name="22_slough">
		<battles>0</battles>
		<show>True</show>
	</map>
	<map name="23_westfeld">
		<battles>0</battles>
		<show>True</show>
	</map>
	<map name="28_desert">
		<battles>0</battles>
		<show>True</show>
	</map>
	<map name="29_el_hallouf">
		<battles>0</battles>
		<show>True</show>
	</map>
	<map name="31_airfield">
		<battles>0</battles>
		<show>True</show>
	</map>
	<map name="33_fjord">
		<battles>0</battles>
		<show>True</show>
	</map>
	<map name="34_redshire">
		<battles>0</battles>
		<show>True</show>
	</map>
	<map name="35_steppes">
		<battles>0</battles>
		<show>True</show>
	</map>
	<map name="36_fishing_bay">
		<battles>0</battles>
		<show>True</show>
	</map>
	<map name="37_caucasus">
		<battles>0</battles>
		<show>True</show>
	</map>
	<map name="38_mannerheim_line">
		<battles>0</battles>
		<show>True</show>
	</map>
	<map name="44_north_america">
		<battles>0</battles>
		<show>True</show>
	</map>
	<map name="45_north_america">
		<battles>0</battles>
		<show>True</show>
	</map>
	<map name="47_canada_a">
		<battles>0</battles>
		<show>True</show>
	</map>
	<map name="63_tundra">
		<battles>0</battles>
		<show>True</show>
	</map>
	<map name="73_asia_korea">
		<battles>0</battles>
		<show>True</show>
	</map>
	<map name="83_kharkiv">
		<battles>0</battles>
		<show>True</show>
	</map>
	<map name="84_winter">
		<battles>0</battles>
		<show>True</show>
	</map>
	<map name="86_himmelsdorf_winter">
		<battles>0</battles>
		<show>True</show>
	</map>
	<map name="92_stalingrad">
		<battles>0</battles>
		<show>True</show>
	</map>
	<map name="95_lost_city">
		<battles>0</battles>
		<show>True</show>
	</map>
	<map name="96_prohorovka_defense">
		<battles>0</battles>
		<show>True</show>
	</map>
	<map name="100_thepit">
		<battles>0</battles>
		<show>True</show>
	</map>
	<map name="101_dday">
		<battles>0</battles>
		<show>True</show>
	</map>
	<map name="103_ruinberg_winter">
		<battles>0</battles>
		<show>True</show>
	</map>
	<map name="112_eiffel_tower_ctf">
		<battles>0</battles>
		<show>True</show>
	</map>
	<map name="114_czech">
		<battles>0</battles>
		<show>True</show>
	</map>
	<map name="115_sweden">
		<battles>0</battles>
		<show>True</show>
	</map>
	<map name="208_bf_epic_normandy">
		<battles>0</battles>
		<show>True</show>
	</map>
	<map name="212_epic_random_valley">
		<battles>0</battles>
		<show>True</show>
	</map>
	<map name="1001_frontline_testmap">
		<battles>0</battles>
		<show>True</show>
	</map>
</root>